flash,ram,text,code,rodata,data,bss,dec,hex,filename,filename
1194,0,1194,534,660,0,0,1194,`4aa,startup_cpu0.c.obj (ex armino/cmsis/libcmsis.a),armino/cmsis/libcmsis.a
728,4,728,352,376,0,4,732,`2dc,startup_cpu1.c.obj (ex armino/cmsis/libcmsis.a),armino/cmsis/libcmsis.a
256,0,256,256,0,0,0,256,`100,system_cpu0.c.obj (ex armino/cmsis/libcmsis.a),armino/cmsis/libcmsis.a
30,0,30,30,0,0,0,30,`1e,smp.c.obj (ex armino/cmsis/libcmsis.a),armino/cmsis/libcmsis.a
292,0,292,292,0,0,0,292,`124,system_cpu1.c.obj (ex armino/cmsis/libcmsis.a),armino/cmsis/libcmsis.a
2500,4,2500,1464,1036,0,4,2504,`9c8,armino/cmsis/libcmsis.a,armino/cmsis/libcmsis.a
3835,56,3799,3560,239,36,20,3855,`f0f,iperf.c.obj (ex armino/iperf/libiperf.a),armino/iperf/libiperf.a
3835,56,3799,3560,239,36,20,3855,`f0f,armino/iperf/libiperf.a,armino/iperf/libiperf.a
2919,501,2455,2142,313,464,37,2956,`b8c,net.c.obj (ex armino/lwip_intf_v2_1/liblwip_intf_v2_1.a),armino/lwip_intf_v2_1/liblwip_intf_v2_1.a
238,0,238,238,0,0,0,238,`ee,netifapi.c.obj (ex armino/lwip_intf_v2_1/liblwip_intf_v2_1.a),armino/lwip_intf_v2_1/liblwip_intf_v2_1.a
5586,648,5586,5454,132,0,648,6234,`185a,sockets.c.obj (ex armino/lwip_intf_v2_1/liblwip_intf_v2_1.a),armino/lwip_intf_v2_1/liblwip_intf_v2_1.a
467,16,467,460,7,0,16,483,`1e3,tcpip.c.obj (ex armino/lwip_intf_v2_1/liblwip_intf_v2_1.a),armino/lwip_intf_v2_1/liblwip_intf_v2_1.a
1403,18,1403,972,431,0,18,1421,`58d,ping.c.obj (ex armino/lwip_intf_v2_1/liblwip_intf_v2_1.a),armino/lwip_intf_v2_1/liblwip_intf_v2_1.a
70,0,70,70,0,0,0,70,`46,def.c.obj (ex armino/lwip_intf_v2_1/liblwip_intf_v2_1.a),armino/lwip_intf_v2_1/liblwip_intf_v2_1.a
2522,1202,2522,2512,10,0,1202,3724,`e8c,dns.c.obj (ex armino/lwip_intf_v2_1/liblwip_intf_v2_1.a),armino/lwip_intf_v2_1/liblwip_intf_v2_1.a
316,0,316,316,0,0,0,316,`13c,inet_chksum.c.obj (ex armino/lwip_intf_v2_1/liblwip_intf_v2_1.a),armino/lwip_intf_v2_1/liblwip_intf_v2_1.a
50,0,50,50,0,0,0,50,`32,init.c.obj (ex armino/lwip_intf_v2_1/liblwip_intf_v2_1.a),armino/lwip_intf_v2_1/liblwip_intf_v2_1.a
5062,103,5062,4582,480,0,103,5165,`142d,dhcp.c.obj (ex armino/lwip_intf_v2_1/liblwip_intf_v2_1.a),armino/lwip_intf_v2_1/liblwip_intf_v2_1.a
1967,277,1955,1936,19,12,265,2232,`8b8,etharp.c.obj (ex armino/lwip_intf_v2_1/liblwip_intf_v2_1.a),armino/lwip_intf_v2_1/liblwip_intf_v2_1.a
1987,8,1987,1416,571,0,8,1995,`7cb,igmp.c.obj (ex armino/lwip_intf_v2_1/liblwip_intf_v2_1.a),armino/lwip_intf_v2_1/liblwip_intf_v2_1.a
534,16,534,526,8,0,16,550,`226,ip4_addr.c.obj (ex armino/lwip_intf_v2_1/liblwip_intf_v2_1.a),armino/lwip_intf_v2_1/liblwip_intf_v2_1.a
1456,6,1456,1456,0,0,6,1462,`5b6,ip4.c.obj (ex armino/lwip_intf_v2_1/liblwip_intf_v2_1.a),armino/lwip_intf_v2_1/liblwip_intf_v2_1.a
1544,6,1544,1512,32,0,6,1550,`60e,ip4_frag.c.obj (ex armino/lwip_intf_v2_1/liblwip_intf_v2_1.a),armino/lwip_intf_v2_1/liblwip_intf_v2_1.a
454,0,454,430,24,0,0,454,`1c6,mem.c.obj (ex armino/lwip_intf_v2_1/liblwip_intf_v2_1.a),armino/lwip_intf_v2_1/liblwip_intf_v2_1.a
755,768,755,274,481,0,768,1523,`5f3,memp.c.obj (ex armino/lwip_intf_v2_1/liblwip_intf_v2_1.a),armino/lwip_intf_v2_1/liblwip_intf_v2_1.a
1728,93,1728,1432,296,0,93,1821,`71d,netif.c.obj (ex armino/lwip_intf_v2_1/liblwip_intf_v2_1.a),armino/lwip_intf_v2_1/liblwip_intf_v2_1.a
1907,1,1907,1568,339,0,1,1908,`774,pbuf.c.obj (ex armino/lwip_intf_v2_1/liblwip_intf_v2_1.a),armino/lwip_intf_v2_1/liblwip_intf_v2_1.a
714,4,714,714,0,0,4,718,`2ce,raw.c.obj (ex armino/lwip_intf_v2_1/liblwip_intf_v2_1.a),armino/lwip_intf_v2_1/liblwip_intf_v2_1.a
24,564,24,20,4,0,564,588,`24c,stats.c.obj (ex armino/lwip_intf_v2_1/liblwip_intf_v2_1.a),armino/lwip_intf_v2_1/liblwip_intf_v2_1.a
34,0,34,34,0,0,0,34,`22,sys.c.obj (ex armino/lwip_intf_v2_1/liblwip_intf_v2_1.a),armino/lwip_intf_v2_1/liblwip_intf_v2_1.a
4544,29,4538,4022,516,6,23,4567,`11d7,tcp.c.obj (ex armino/lwip_intf_v2_1/liblwip_intf_v2_1.a),armino/lwip_intf_v2_1/liblwip_intf_v2_1.a
5404,64,5404,5404,0,0,64,5468,`155c,tcp_in.c.obj (ex armino/lwip_intf_v2_1/liblwip_intf_v2_1.a),armino/lwip_intf_v2_1/liblwip_intf_v2_1.a
3391,0,3391,3314,77,0,0,3391,`d3f,tcp_out.c.obj (ex armino/lwip_intf_v2_1/liblwip_intf_v2_1.a),armino/lwip_intf_v2_1/liblwip_intf_v2_1.a
516,12,516,460,56,0,12,528,`210,timeouts.c.obj (ex armino/lwip_intf_v2_1/liblwip_intf_v2_1.a),armino/lwip_intf_v2_1/liblwip_intf_v2_1.a
2403,6,2401,1848,553,2,4,2407,`967,udp.c.obj (ex armino/lwip_intf_v2_1/liblwip_intf_v2_1.a),armino/lwip_intf_v2_1/liblwip_intf_v2_1.a
304,0,304,292,12,0,0,304,`130,ethernet.c.obj (ex armino/lwip_intf_v2_1/liblwip_intf_v2_1.a),armino/lwip_intf_v2_1/liblwip_intf_v2_1.a
132,5,132,120,12,0,5,137,`89,dhcp-server-main.c.obj (ex armino/lwip_intf_v2_1/liblwip_intf_v2_1.a),armino/lwip_intf_v2_1/liblwip_intf_v2_1.a
225,4,225,220,5,0,4,229,`e5,modemif.c.obj (ex armino/lwip_intf_v2_1/liblwip_intf_v2_1.a),armino/lwip_intf_v2_1/liblwip_intf_v2_1.a
1446,48,1446,1320,126,0,48,1494,`5d6,ppp.c.obj (ex armino/lwip_intf_v2_1/liblwip_intf_v2_1.a),armino/lwip_intf_v2_1/liblwip_intf_v2_1.a
160,0,160,160,0,0,0,160,`a0,pppapi.c.obj (ex armino/lwip_intf_v2_1/liblwip_intf_v2_1.a),armino/lwip_intf_v2_1/liblwip_intf_v2_1.a
2152,48,2152,1590,562,0,48,2200,`898,pppos.c.obj (ex armino/lwip_intf_v2_1/liblwip_intf_v2_1.a),armino/lwip_intf_v2_1/liblwip_intf_v2_1.a
770,0,770,600,170,0,0,770,`302,upap.c.obj (ex armino/lwip_intf_v2_1/liblwip_intf_v2_1.a),armino/lwip_intf_v2_1/liblwip_intf_v2_1.a
1492,0,1492,1456,36,0,0,1492,`5d4,utils.c.obj (ex armino/lwip_intf_v2_1/liblwip_intf_v2_1.a),armino/lwip_intf_v2_1/liblwip_intf_v2_1.a
2182,0,2182,2182,0,0,0,2182,`886,vj.c.obj (ex armino/lwip_intf_v2_1/liblwip_intf_v2_1.a),armino/lwip_intf_v2_1/liblwip_intf_v2_1.a
48,0,48,48,0,0,0,48,`30,lwip_hooks.c.obj (ex armino/lwip_intf_v2_1/liblwip_intf_v2_1.a),armino/lwip_intf_v2_1/liblwip_intf_v2_1.a
275,0,275,270,5,0,0,275,`113,wlanif.c.obj (ex armino/lwip_intf_v2_1/liblwip_intf_v2_1.a),armino/lwip_intf_v2_1/liblwip_intf_v2_1.a
814,8,814,716,98,0,8,822,`336,sys_arch.c.obj (ex armino/lwip_intf_v2_1/liblwip_intf_v2_1.a),armino/lwip_intf_v2_1/liblwip_intf_v2_1.a
2622,0,2622,1984,638,0,0,2622,`a3e,api_lib.c.obj (ex armino/lwip_intf_v2_1/liblwip_intf_v2_1.a),armino/lwip_intf_v2_1/liblwip_intf_v2_1.a
4168,0,4168,4126,42,0,0,4168,`1048,api_msg.c.obj (ex armino/lwip_intf_v2_1/liblwip_intf_v2_1.a),armino/lwip_intf_v2_1/liblwip_intf_v2_1.a
96,0,96,28,68,0,0,96,`60,err.c.obj (ex armino/lwip_intf_v2_1/liblwip_intf_v2_1.a),armino/lwip_intf_v2_1/liblwip_intf_v2_1.a
202,0,202,146,56,0,0,202,`ca,netbuf.c.obj (ex armino/lwip_intf_v2_1/liblwip_intf_v2_1.a),armino/lwip_intf_v2_1/liblwip_intf_v2_1.a
304,0,304,304,0,0,0,304,`130,netdb.c.obj (ex armino/lwip_intf_v2_1/liblwip_intf_v2_1.a),armino/lwip_intf_v2_1/liblwip_intf_v2_1.a
624,0,624,624,0,0,0,624,`270,icmp.c.obj (ex armino/lwip_intf_v2_1/liblwip_intf_v2_1.a),armino/lwip_intf_v2_1/liblwip_intf_v2_1.a
2567,232,2563,2500,63,4,228,2795,`aeb,dhcp-server.c.obj (ex armino/lwip_intf_v2_1/liblwip_intf_v2_1.a),armino/lwip_intf_v2_1/liblwip_intf_v2_1.a
681,0,681,504,177,0,0,681,`2a9,auth.c.obj (ex armino/lwip_intf_v2_1/liblwip_intf_v2_1.a),armino/lwip_intf_v2_1/liblwip_intf_v2_1.a
4577,0,4577,4122,455,0,0,4577,`11e1,ipcp.c.obj (ex armino/lwip_intf_v2_1/liblwip_intf_v2_1.a),armino/lwip_intf_v2_1/liblwip_intf_v2_1.a
5242,0,5242,4714,528,0,0,5242,`147a,lcp.c.obj (ex armino/lwip_intf_v2_1/liblwip_intf_v2_1.a),armino/lwip_intf_v2_1/liblwip_intf_v2_1.a
44,4,44,44,0,0,4,48,`30,magic.c.obj (ex armino/lwip_intf_v2_1/liblwip_intf_v2_1.a),armino/lwip_intf_v2_1/liblwip_intf_v2_1.a
2165,0,2165,1944,221,0,0,2165,`875,fsm.c.obj (ex armino/lwip_intf_v2_1/liblwip_intf_v2_1.a),armino/lwip_intf_v2_1/liblwip_intf_v2_1.a
0,24,0,0,0,0,24,24,`18,ip.c.obj (ex armino/lwip_intf_v2_1/liblwip_intf_v2_1.a),armino/lwip_intf_v2_1/liblwip_intf_v2_1.a
81287,4715,80799,73176,7623,488,4227,85514,`14e0a,armino/lwip_intf_v2_1/liblwip_intf_v2_1.a,armino/lwip_intf_v2_1/liblwip_intf_v2_1.a
1052,128,1048,724,324,4,124,1176,`498,wdrv_main.c.obj (ex armino/bk_wifi_driver/libbk_wifi_driver.a),armino/bk_wifi_driver/libbk_wifi_driver.a
1785,2712,1781,1434,347,4,2708,4493,`118d,wdrv_cntrl.c.obj (ex armino/bk_wifi_driver/libbk_wifi_driver.a),armino/bk_wifi_driver/libbk_wifi_driver.a
1611,2,1611,1232,379,0,2,1613,`64d,wdrv_tx.c.obj (ex armino/bk_wifi_driver/libbk_wifi_driver.a),armino/bk_wifi_driver/libbk_wifi_driver.a
678,0,678,542,136,0,0,678,`2a6,wdrv_rx.c.obj (ex armino/bk_wifi_driver/libbk_wifi_driver.a),armino/bk_wifi_driver/libbk_wifi_driver.a
94,0,94,94,0,0,0,94,`5e,wdrv_co_list.c.obj (ex armino/bk_wifi_driver/libbk_wifi_driver.a),armino/bk_wifi_driver/libbk_wifi_driver.a
368,72,368,276,92,0,72,440,`1b8,wdrv_ipc.c.obj (ex armino/bk_wifi_driver/libbk_wifi_driver.a),armino/bk_wifi_driver/libbk_wifi_driver.a
5588,2914,5580,4302,1278,8,2906,8494,`212e,armino/bk_wifi_driver/libbk_wifi_driver.a,armino/bk_wifi_driver/libbk_wifi_driver.a
5178,86,5178,3552,1626,0,86,5264,`1490,wifi_api.c.obj (ex armino/bk_wifi/libbk_wifi.a),armino/bk_wifi/libbk_wifi.a
5442,0,5442,2908,2534,0,0,5442,`1542,wifi_cli.c.obj (ex armino/bk_wifi/libbk_wifi.a),armino/bk_wifi/libbk_wifi.a
221,0,221,176,45,0,0,221,`dd,wifi_api_ipc.c.obj (ex armino/bk_wifi/libbk_wifi.a),armino/bk_wifi/libbk_wifi.a
254,10,254,176,78,0,10,264,`108,phy_client.c.obj (ex armino/bk_wifi/libbk_wifi.a),armino/bk_wifi/libbk_wifi.a
99,4,99,76,23,0,4,103,`67,phy_notify.c.obj (ex armino/bk_wifi/libbk_wifi.a),armino/bk_wifi/libbk_wifi.a
11194,100,11194,6888,4306,0,100,11294,`2c1e,armino/bk_wifi/libbk_wifi.a,armino/bk_wifi/libbk_wifi.a
888,0,888,888,0,0,0,888,`378,_arm_addsubdf3.o (ex c:/users/hs150/synologydrive/robotics/advx2026/tuyaopen/platform/tools/gcc-arm-none-eabi-10.3-2021.10/bin/../lib/gcc/arm-none-eabi/10.3.1/thumb/v8-m.main+fp/hard\libgcc.a),c:/users/hs150/synologydrive/robotics/advx2026/tuyaopen/platform/tools/gcc-arm-none-eabi-10.3-2021.10/bin/../lib/gcc/arm-none-eabi/10.3.1/thumb/v8-m.main+fp/hard\libgcc.a
1060,0,1060,1060,0,0,0,1060,`424,_arm_muldivdf3.o (ex c:/users/hs150/synologydrive/robotics/advx2026/tuyaopen/platform/tools/gcc-arm-none-eabi-10.3-2021.10/bin/../lib/gcc/arm-none-eabi/10.3.1/thumb/v8-m.main+fp/hard\libgcc.a),c:/users/hs150/synologydrive/robotics/advx2026/tuyaopen/platform/tools/gcc-arm-none-eabi-10.3-2021.10/bin/../lib/gcc/arm-none-eabi/10.3.1/thumb/v8-m.main+fp/hard\libgcc.a
272,0,272,272,0,0,0,272,`110,_arm_cmpdf2.o (ex c:/users/hs150/synologydrive/robotics/advx2026/tuyaopen/platform/tools/gcc-arm-none-eabi-10.3-2021.10/bin/../lib/gcc/arm-none-eabi/10.3.1/thumb/v8-m.main+fp/hard\libgcc.a),c:/users/hs150/synologydrive/robotics/advx2026/tuyaopen/platform/tools/gcc-arm-none-eabi-10.3-2021.10/bin/../lib/gcc/arm-none-eabi/10.3.1/thumb/v8-m.main+fp/hard\libgcc.a
64,0,64,64,0,0,0,64,`40,_arm_fixunsdfsi.o (ex c:/users/hs150/synologydrive/robotics/advx2026/tuyaopen/platform/tools/gcc-arm-none-eabi-10.3-2021.10/bin/../lib/gcc/arm-none-eabi/10.3.1/thumb/v8-m.main+fp/hard\libgcc.a),c:/users/hs150/synologydrive/robotics/advx2026/tuyaopen/platform/tools/gcc-arm-none-eabi-10.3-2021.10/bin/../lib/gcc/arm-none-eabi/10.3.1/thumb/v8-m.main+fp/hard\libgcc.a
160,0,160,160,0,0,0,160,`a0,_arm_truncdfsf2.o (ex c:/users/hs150/synologydrive/robotics/advx2026/tuyaopen/platform/tools/gcc-arm-none-eabi-10.3-2021.10/bin/../lib/gcc/arm-none-eabi/10.3.1/thumb/v8-m.main+fp/hard\libgcc.a),c:/users/hs150/synologydrive/robotics/advx2026/tuyaopen/platform/tools/gcc-arm-none-eabi-10.3-2021.10/bin/../lib/gcc/arm-none-eabi/10.3.1/thumb/v8-m.main+fp/hard\libgcc.a
160,0,160,160,0,0,0,160,`a0,_aeabi_ldivmod.o (ex c:/users/hs150/synologydrive/robotics/advx2026/tuyaopen/platform/tools/gcc-arm-none-eabi-10.3-2021.10/bin/../lib/gcc/arm-none-eabi/10.3.1/thumb/v8-m.main+fp/hard\libgcc.a),c:/users/hs150/synologydrive/robotics/advx2026/tuyaopen/platform/tools/gcc-arm-none-eabi-10.3-2021.10/bin/../lib/gcc/arm-none-eabi/10.3.1/thumb/v8-m.main+fp/hard\libgcc.a
48,0,48,48,0,0,0,48,`30,_aeabi_uldivmod.o (ex c:/users/hs150/synologydrive/robotics/advx2026/tuyaopen/platform/tools/gcc-arm-none-eabi-10.3-2021.10/bin/../lib/gcc/arm-none-eabi/10.3.1/thumb/v8-m.main+fp/hard\libgcc.a),c:/users/hs150/synologydrive/robotics/advx2026/tuyaopen/platform/tools/gcc-arm-none-eabi-10.3-2021.10/bin/../lib/gcc/arm-none-eabi/10.3.1/thumb/v8-m.main+fp/hard\libgcc.a
60,0,60,60,0,0,0,60,`3c,_fixunsdfdi.o (ex c:/users/hs150/synologydrive/robotics/advx2026/tuyaopen/platform/tools/gcc-arm-none-eabi-10.3-2021.10/bin/../lib/gcc/arm-none-eabi/10.3.1/thumb/v8-m.main+fp/hard\libgcc.a),c:/users/hs150/synologydrive/robotics/advx2026/tuyaopen/platform/tools/gcc-arm-none-eabi-10.3-2021.10/bin/../lib/gcc/arm-none-eabi/10.3.1/thumb/v8-m.main+fp/hard\libgcc.a
748,0,748,748,0,0,0,748,`2ec,_udivmoddi4.o (ex c:/users/hs150/synologydrive/robotics/advx2026/tuyaopen/platform/tools/gcc-arm-none-eabi-10.3-2021.10/bin/../lib/gcc/arm-none-eabi/10.3.1/thumb/v8-m.main+fp/hard\libgcc.a),c:/users/hs150/synologydrive/robotics/advx2026/tuyaopen/platform/tools/gcc-arm-none-eabi-10.3-2021.10/bin/../lib/gcc/arm-none-eabi/10.3.1/thumb/v8-m.main+fp/hard\libgcc.a
4,0,4,4,0,0,0,4,`4,_dvmd_tls.o (ex c:/users/hs150/synologydrive/robotics/advx2026/tuyaopen/platform/tools/gcc-arm-none-eabi-10.3-2021.10/bin/../lib/gcc/arm-none-eabi/10.3.1/thumb/v8-m.main+fp/hard\libgcc.a),c:/users/hs150/synologydrive/robotics/advx2026/tuyaopen/platform/tools/gcc-arm-none-eabi-10.3-2021.10/bin/../lib/gcc/arm-none-eabi/10.3.1/thumb/v8-m.main+fp/hard\libgcc.a
3464,0,3464,3464,0,0,0,3464,`d88,c:/users/hs150/synologydrive/robotics/advx2026/tuyaopen/platform/tools/gcc-arm-none-eabi-10.3-2021.10/bin/../lib/gcc/arm-none-eabi/10.3.1/thumb/v8-m.main+fp/hard\libgcc.a,c:/users/hs150/synologydrive/robotics/advx2026/tuyaopen/platform/tools/gcc-arm-none-eabi-10.3-2021.10/bin/../lib/gcc/arm-none-eabi/10.3.1/thumb/v8-m.main+fp/hard\libgcc.a
236,0,236,236,0,0,0,236,`ec,lib_a-memcpy.o (ex c:/users/hs150/synologydrive/robotics/advx2026/tuyaopen/platform/tools/gcc-arm-none-eabi-10.3-2021.10/bin/../lib/gcc/arm-none-eabi/10.3.1/../../../../arm-none-eabi/lib/thumb/v8-m.main+fp/hard\libc.a),c:/users/hs150/synologydrive/robotics/advx2026/tuyaopen/platform/tools/gcc-arm-none-eabi-10.3-2021.10/bin/../lib/gcc/arm-none-eabi/10.3.1/../../../../arm-none-eabi/lib/thumb/v8-m.main+fp/hard\libc.a
444,0,444,444,0,0,0,444,`1bc,lib_a-strcmp.o (ex c:/users/hs150/synologydrive/robotics/advx2026/tuyaopen/platform/tools/gcc-arm-none-eabi-10.3-2021.10/bin/../lib/gcc/arm-none-eabi/10.3.1/../../../../arm-none-eabi/lib/thumb/v8-m.main+fp/hard\libc.a),c:/users/hs150/synologydrive/robotics/advx2026/tuyaopen/platform/tools/gcc-arm-none-eabi-10.3-2021.10/bin/../lib/gcc/arm-none-eabi/10.3.1/../../../../arm-none-eabi/lib/thumb/v8-m.main+fp/hard\libc.a
8,0,8,8,0,0,0,8,`8,lib_a-atoi.o (ex c:/users/hs150/synologydrive/robotics/advx2026/tuyaopen/platform/tools/gcc-arm-none-eabi-10.3-2021.10/bin/../lib/gcc/arm-none-eabi/10.3.1/../../../../arm-none-eabi/lib/thumb/v8-m.main+fp/hard\libc.a),c:/users/hs150/synologydrive/robotics/advx2026/tuyaopen/platform/tools/gcc-arm-none-eabi-10.3-2021.10/bin/../lib/gcc/arm-none-eabi/10.3.1/../../../../arm-none-eabi/lib/thumb/v8-m.main+fp/hard\libc.a
12,0,12,12,0,0,0,12,`c,lib_a-errno.o (ex c:/users/hs150/synologydrive/robotics/advx2026/tuyaopen/platform/tools/gcc-arm-none-eabi-10.3-2021.10/bin/../lib/gcc/arm-none-eabi/10.3.1/../../../../arm-none-eabi/lib/thumb/v8-m.main+fp/hard\libc.a),c:/users/hs150/synologydrive/robotics/advx2026/tuyaopen/platform/tools/gcc-arm-none-eabi-10.3-2021.10/bin/../lib/gcc/arm-none-eabi/10.3.1/../../../../arm-none-eabi/lib/thumb/v8-m.main+fp/hard\libc.a
96,0,96,96,0,0,0,96,`60,lib_a-memcmp.o (ex c:/users/hs150/synologydrive/robotics/advx2026/tuyaopen/platform/tools/gcc-arm-none-eabi-10.3-2021.10/bin/../lib/gcc/arm-none-eabi/10.3.1/../../../../arm-none-eabi/lib/thumb/v8-m.main+fp/hard\libc.a),c:/users/hs150/synologydrive/robotics/advx2026/tuyaopen/platform/tools/gcc-arm-none-eabi-10.3-2021.10/bin/../lib/gcc/arm-none-eabi/10.3.1/../../../../arm-none-eabi/lib/thumb/v8-m.main+fp/hard\libc.a
248,0,248,248,0,0,0,248,`f8,lib_a-memmove.o (ex c:/users/hs150/synologydrive/robotics/advx2026/tuyaopen/platform/tools/gcc-arm-none-eabi-10.3-2021.10/bin/../lib/gcc/arm-none-eabi/10.3.1/../../../../arm-none-eabi/lib/thumb/v8-m.main+fp/hard\libc.a),c:/users/hs150/synologydrive/robotics/advx2026/tuyaopen/platform/tools/gcc-arm-none-eabi-10.3-2021.10/bin/../lib/gcc/arm-none-eabi/10.3.1/../../../../arm-none-eabi/lib/thumb/v8-m.main+fp/hard\libc.a
164,0,164,164,0,0,0,164,`a4,lib_a-memset.o (ex c:/users/hs150/synologydrive/robotics/advx2026/tuyaopen/platform/tools/gcc-arm-none-eabi-10.3-2021.10/bin/../lib/gcc/arm-none-eabi/10.3.1/../../../../arm-none-eabi/lib/thumb/v8-m.main+fp/hard\libc.a),c:/users/hs150/synologydrive/robotics/advx2026/tuyaopen/platform/tools/gcc-arm-none-eabi-10.3-2021.10/bin/../lib/gcc/arm-none-eabi/10.3.1/../../../../arm-none-eabi/lib/thumb/v8-m.main+fp/hard\libc.a
1580,0,1580,1580,0,0,0,1580,`62c,lib_a-qsort.o (ex c:/users/hs150/synologydrive/robotics/advx2026/tuyaopen/platform/tools/gcc-arm-none-eabi-10.3-2021.10/bin/../lib/gcc/arm-none-eabi/10.3.1/../../../../arm-none-eabi/lib/thumb/v8-m.main+fp/hard\libc.a),c:/users/hs150/synologydrive/robotics/advx2026/tuyaopen/platform/tools/gcc-arm-none-eabi-10.3-2021.10/bin/../lib/gcc/arm-none-eabi/10.3.1/../../../../arm-none-eabi/lib/thumb/v8-m.main+fp/hard\libc.a
76,0,76,76,0,0,0,76,`4c,lib_a-rand.o (ex c:/users/hs150/synologydrive/robotics/advx2026/tuyaopen/platform/tools/gcc-arm-none-eabi-10.3-2021.10/bin/../lib/gcc/arm-none-eabi/10.3.1/../../../../arm-none-eabi/lib/thumb/v8-m.main+fp/hard\libc.a),c:/users/hs150/synologydrive/robotics/advx2026/tuyaopen/platform/tools/gcc-arm-none-eabi-10.3-2021.10/bin/../lib/gcc/arm-none-eabi/10.3.1/../../../../arm-none-eabi/lib/thumb/v8-m.main+fp/hard\libc.a
76,0,76,76,0,0,0,76,`4c,lib_a-strcasecmp.o (ex c:/users/hs150/synologydrive/robotics/advx2026/tuyaopen/platform/tools/gcc-arm-none-eabi-10.3-2021.10/bin/../lib/gcc/arm-none-eabi/10.3.1/../../../../arm-none-eabi/lib/thumb/v8-m.main+fp/hard\libc.a),c:/users/hs150/synologydrive/robotics/advx2026/tuyaopen/platform/tools/gcc-arm-none-eabi-10.3-2021.10/bin/../lib/gcc/arm-none-eabi/10.3.1/../../../../arm-none-eabi/lib/thumb/v8-m.main+fp/hard\libc.a
204,0,204,204,0,0,0,204,`cc,lib_a-strchr.o (ex c:/users/hs150/synologydrive/robotics/advx2026/tuyaopen/platform/tools/gcc-arm-none-eabi-10.3-2021.10/bin/../lib/gcc/arm-none-eabi/10.3.1/../../../../arm-none-eabi/lib/thumb/v8-m.main+fp/hard\libc.a),c:/users/hs150/synologydrive/robotics/advx2026/tuyaopen/platform/tools/gcc-arm-none-eabi-10.3-2021.10/bin/../lib/gcc/arm-none-eabi/10.3.1/../../../../arm-none-eabi/lib/thumb/v8-m.main+fp/hard\libc.a
188,0,188,188,0,0,0,188,`bc,lib_a-strcpy.o (ex c:/users/hs150/synologydrive/robotics/advx2026/tuyaopen/platform/tools/gcc-arm-none-eabi-10.3-2021.10/bin/../lib/gcc/arm-none-eabi/10.3.1/../../../../arm-none-eabi/lib/thumb/v8-m.main+fp/hard\libc.a),c:/users/hs150/synologydrive/robotics/advx2026/tuyaopen/platform/tools/gcc-arm-none-eabi-10.3-2021.10/bin/../lib/gcc/arm-none-eabi/10.3.1/../../../../arm-none-eabi/lib/thumb/v8-m.main+fp/hard\libc.a
16,0,16,16,0,0,0,16,`10,lib_a-strdup.o (ex c:/users/hs150/synologydrive/robotics/advx2026/tuyaopen/platform/tools/gcc-arm-none-eabi-10.3-2021.10/bin/../lib/gcc/arm-none-eabi/10.3.1/../../../../arm-none-eabi/lib/thumb/v8-m.main+fp/hard\libc.a),c:/users/hs150/synologydrive/robotics/advx2026/tuyaopen/platform/tools/gcc-arm-none-eabi-10.3-2021.10/bin/../lib/gcc/arm-none-eabi/10.3.1/../../../../arm-none-eabi/lib/thumb/v8-m.main+fp/hard\libc.a
40,0,40,40,0,0,0,40,`28,lib_a-strdup_r.o (ex c:/users/hs150/synologydrive/robotics/advx2026/tuyaopen/platform/tools/gcc-arm-none-eabi-10.3-2021.10/bin/../lib/gcc/arm-none-eabi/10.3.1/../../../../arm-none-eabi/lib/thumb/v8-m.main+fp/hard\libc.a),c:/users/hs150/synologydrive/robotics/advx2026/tuyaopen/platform/tools/gcc-arm-none-eabi-10.3-2021.10/bin/../lib/gcc/arm-none-eabi/10.3.1/../../../../arm-none-eabi/lib/thumb/v8-m.main+fp/hard\libc.a
92,0,92,92,0,0,0,92,`5c,lib_a-strlen-stub.o (ex c:/users/hs150/synologydrive/robotics/advx2026/tuyaopen/platform/tools/gcc-arm-none-eabi-10.3-2021.10/bin/../lib/gcc/arm-none-eabi/10.3.1/../../../../arm-none-eabi/lib/thumb/v8-m.main+fp/hard\libc.a),c:/users/hs150/synologydrive/robotics/advx2026/tuyaopen/platform/tools/gcc-arm-none-eabi-10.3-2021.10/bin/../lib/gcc/arm-none-eabi/10.3.1/../../../../arm-none-eabi/lib/thumb/v8-m.main+fp/hard\libc.a
88,0,88,88,0,0,0,88,`58,lib_a-strncasecmp.o (ex c:/users/hs150/synologydrive/robotics/advx2026/tuyaopen/platform/tools/gcc-arm-none-eabi-10.3-2021.10/bin/../lib/gcc/arm-none-eabi/10.3.1/../../../../arm-none-eabi/lib/thumb/v8-m.main+fp/hard\libc.a),c:/users/hs150/synologydrive/robotics/advx2026/tuyaopen/platform/tools/gcc-arm-none-eabi-10.3-2021.10/bin/../lib/gcc/arm-none-eabi/10.3.1/../../../../arm-none-eabi/lib/thumb/v8-m.main+fp/hard\libc.a
120,0,120,120,0,0,0,120,`78,lib_a-strncmp.o (ex c:/users/hs150/synologydrive/robotics/advx2026/tuyaopen/platform/tools/gcc-arm-none-eabi-10.3-2021.10/bin/../lib/gcc/arm-none-eabi/10.3.1/../../../../arm-none-eabi/lib/thumb/v8-m.main+fp/hard\libc.a),c:/users/hs150/synologydrive/robotics/advx2026/tuyaopen/platform/tools/gcc-arm-none-eabi-10.3-2021.10/bin/../lib/gcc/arm-none-eabi/10.3.1/../../../../arm-none-eabi/lib/thumb/v8-m.main+fp/hard\libc.a
100,0,100,100,0,0,0,100,`64,lib_a-strncpy.o (ex c:/users/hs150/synologydrive/robotics/advx2026/tuyaopen/platform/tools/gcc-arm-none-eabi-10.3-2021.10/bin/../lib/gcc/arm-none-eabi/10.3.1/../../../../arm-none-eabi/lib/thumb/v8-m.main+fp/hard\libc.a),c:/users/hs150/synologydrive/robotics/advx2026/tuyaopen/platform/tools/gcc-arm-none-eabi-10.3-2021.10/bin/../lib/gcc/arm-none-eabi/10.3.1/../../../../arm-none-eabi/lib/thumb/v8-m.main+fp/hard\libc.a
36,0,36,36,0,0,0,36,`24,lib_a-strrchr.o (ex c:/users/hs150/synologydrive/robotics/advx2026/tuyaopen/platform/tools/gcc-arm-none-eabi-10.3-2021.10/bin/../lib/gcc/arm-none-eabi/10.3.1/../../../../arm-none-eabi/lib/thumb/v8-m.main+fp/hard\libc.a),c:/users/hs150/synologydrive/robotics/advx2026/tuyaopen/platform/tools/gcc-arm-none-eabi-10.3-2021.10/bin/../lib/gcc/arm-none-eabi/10.3.1/../../../../arm-none-eabi/lib/thumb/v8-m.main+fp/hard\libc.a
1080,0,1080,1080,0,0,0,1080,`438,lib_a-strstr.o (ex c:/users/hs150/synologydrive/robotics/advx2026/tuyaopen/platform/tools/gcc-arm-none-eabi-10.3-2021.10/bin/../lib/gcc/arm-none-eabi/10.3.1/../../../../arm-none-eabi/lib/thumb/v8-m.main+fp/hard\libc.a),c:/users/hs150/synologydrive/robotics/advx2026/tuyaopen/platform/tools/gcc-arm-none-eabi-10.3-2021.10/bin/../lib/gcc/arm-none-eabi/10.3.1/../../../../arm-none-eabi/lib/thumb/v8-m.main+fp/hard\libc.a
112,0,112,112,0,0,0,112,`70,lib_a-strtok_r.o (ex c:/users/hs150/synologydrive/robotics/advx2026/tuyaopen/platform/tools/gcc-arm-none-eabi-10.3-2021.10/bin/../lib/gcc/arm-none-eabi/10.3.1/../../../../arm-none-eabi/lib/thumb/v8-m.main+fp/hard\libc.a),c:/users/hs150/synologydrive/robotics/advx2026/tuyaopen/platform/tools/gcc-arm-none-eabi-10.3-2021.10/bin/../lib/gcc/arm-none-eabi/10.3.1/../../../../arm-none-eabi/lib/thumb/v8-m.main+fp/hard\libc.a
304,0,304,304,0,0,0,304,`130,lib_a-strtol.o (ex c:/users/hs150/synologydrive/robotics/advx2026/tuyaopen/platform/tools/gcc-arm-none-eabi-10.3-2021.10/bin/../lib/gcc/arm-none-eabi/10.3.1/../../../../arm-none-eabi/lib/thumb/v8-m.main+fp/hard\libc.a),c:/users/hs150/synologydrive/robotics/advx2026/tuyaopen/platform/tools/gcc-arm-none-eabi-10.3-2021.10/bin/../lib/gcc/arm-none-eabi/10.3.1/../../../../arm-none-eabi/lib/thumb/v8-m.main+fp/hard\libc.a
300,0,300,300,0,0,0,300,`12c,lib_a-strtoul.o (ex c:/users/hs150/synologydrive/robotics/advx2026/tuyaopen/platform/tools/gcc-arm-none-eabi-10.3-2021.10/bin/../lib/gcc/arm-none-eabi/10.3.1/../../../../arm-none-eabi/lib/thumb/v8-m.main+fp/hard\libc.a),c:/users/hs150/synologydrive/robotics/advx2026/tuyaopen/platform/tools/gcc-arm-none-eabi-10.3-2021.10/bin/../lib/gcc/arm-none-eabi/10.3.1/../../../../arm-none-eabi/lib/thumb/v8-m.main+fp/hard\libc.a
36,0,36,36,0,0,0,36,`24,lib_a-strnlen.o (ex c:/users/hs150/synologydrive/robotics/advx2026/tuyaopen/platform/tools/gcc-arm-none-eabi-10.3-2021.10/bin/../lib/gcc/arm-none-eabi/10.3.1/../../../../arm-none-eabi/lib/thumb/v8-m.main+fp/hard\libc.a),c:/users/hs150/synologydrive/robotics/advx2026/tuyaopen/platform/tools/gcc-arm-none-eabi-10.3-2021.10/bin/../lib/gcc/arm-none-eabi/10.3.1/../../../../arm-none-eabi/lib/thumb/v8-m.main+fp/hard\libc.a
257,0,257,0,257,0,0,257,`101,lib_a-ctype_.o (ex c:/users/hs150/synologydrive/robotics/advx2026/tuyaopen/platform/tools/gcc-arm-none-eabi-10.3-2021.10/bin/../lib/gcc/arm-none-eabi/10.3.1/../../../../arm-none-eabi/lib/thumb/v8-m.main+fp/hard\libc.a),c:/users/hs150/synologydrive/robotics/advx2026/tuyaopen/platform/tools/gcc-arm-none-eabi-10.3-2021.10/bin/../lib/gcc/arm-none-eabi/10.3.1/../../../../arm-none-eabi/lib/thumb/v8-m.main+fp/hard\libc.a
1068,1068,0,0,0,1068,0,1068,`42c,lib_a-impure.o (ex c:/users/hs150/synologydrive/robotics/advx2026/tuyaopen/platform/tools/gcc-arm-none-eabi-10.3-2021.10/bin/../lib/gcc/arm-none-eabi/10.3.1/../../../../arm-none-eabi/lib/thumb/v8-m.main+fp/hard\libc.a),c:/users/hs150/synologydrive/robotics/advx2026/tuyaopen/platform/tools/gcc-arm-none-eabi-10.3-2021.10/bin/../lib/gcc/arm-none-eabi/10.3.1/../../../../arm-none-eabi/lib/thumb/v8-m.main+fp/hard\libc.a
6981,1068,5913,5656,257,1068,0,6981,`1b45,c:/users/hs150/synologydrive/robotics/advx2026/tuyaopen/platform/tools/gcc-arm-none-eabi-10.3-2021.10/bin/../lib/gcc/arm-none-eabi/10.3.1/../../../../arm-none-eabi/lib/thumb/v8-m.main+fp/hard\libc.a,c:/users/hs150/synologydrive/robotics/advx2026/tuyaopen/platform/tools/gcc-arm-none-eabi-10.3-2021.10/bin/../lib/gcc/arm-none-eabi/10.3.1/../../../../arm-none-eabi/lib/thumb/v8-m.main+fp/hard\libc.a
2554,24,2554,1632,922,0,24,2578,`a12,trap_base_smp.c.obj (ex armino/cm33/libcm33.a),armino/cm33/libcm33.a
511,16,511,448,63,0,16,527,`20f,mpu.c.obj (ex armino/cm33/libcm33.a),armino/cm33/libcm33.a
112,0,112,112,0,0,0,112,`70,arm.c.obj (ex armino/cm33/libcm33.a),armino/cm33/libcm33.a
252,256,252,252,0,0,256,508,`1fc,arch_interrupt.c.obj (ex armino/cm33/libcm33.a),armino/cm33/libcm33.a
112,0,112,112,0,0,0,112,`70,dwt.c.obj (ex armino/cm33/libcm33.a),armino/cm33/libcm33.a
3541,296,3541,2556,985,0,296,3837,`efd,armino/cm33/libcm33.a,armino/cm33/libcm33.a
1126,75,1125,1044,81,1,74,1200,`4b0,printf.c.obj (ex armino/bk_system/libbk_system.a),armino/bk_system/libbk_system.a
24,0,24,24,0,0,0,24,`18,reboot.c.obj (ex armino/bk_system/libbk_system.a),armino/bk_system/libbk_system.a
36,1,36,36,0,0,1,37,`25,printf_base.c.obj (ex armino/bk_system/libbk_system.a),armino/bk_system/libbk_system.a
54,0,54,54,0,0,0,54,`36,delay.c.obj (ex armino/bk_system/libbk_system.a),armino/bk_system/libbk_system.a
34,0,34,34,0,0,0,34,`22,tick.c.obj (ex armino/bk_system/libbk_system.a),armino/bk_system/libbk_system.a
1274,76,1273,1192,81,1,75,1349,`545,armino/bk_system/libbk_system.a,armino/bk_system/libbk_system.a
147,4,147,120,27,0,4,151,`97,reset_reason.c.obj (ex armino/driver/libdriver.a),armino/driver/libdriver.a
56,13,56,56,0,0,13,69,`45,wdt_driver.c.obj (ex armino/driver/libdriver.a),armino/driver/libdriver.a
3001,246,2992,1492,1500,9,237,3238,`ca6,gpio_driver_base.c.obj (ex armino/driver/libdriver.a),armino/driver/libdriver.a
3369,141,3321,2906,415,48,93,3462,`d86,uart_driver.c.obj (ex armino/driver/libdriver.a),armino/driver/libdriver.a
4522,0,4522,4404,118,0,0,4522,`11aa,printf.c.obj (ex armino/driver/libdriver.a),armino/driver/libdriver.a
1030,120,1030,962,68,0,120,1150,`47e,mb_ipc_cmd.c.obj (ex armino/driver/libdriver.a),armino/driver/libdriver.a
3047,4,3047,2028,1019,0,4,3051,`beb,bk_api_ipc.c.obj (ex armino/driver/libdriver.a),armino/driver/libdriver.a
156,0,156,156,0,0,0,156,`9c,mb_chnl_buff.c.obj (ex armino/driver/libdriver.a),armino/driver/libdriver.a
466,24,466,436,30,0,24,490,`1ea,amp_res_lock.c.obj (ex armino/driver/libdriver.a),armino/driver/libdriver.a
1236,256,1236,926,310,0,256,1492,`5d4,spinlock.c.obj (ex armino/driver/libdriver.a),armino/driver/libdriver.a
424,0,424,200,224,0,0,424,`1a8,gpio_driver.c.obj (ex armino/driver/libdriver.a),armino/driver/libdriver.a
292,0,292,292,0,0,0,292,`124,sys_int_driver.c.obj (ex armino/driver/libdriver.a),armino/driver/libdriver.a
330,0,330,330,0,0,0,330,`14a,sys_clock_driver.c.obj (ex armino/driver/libdriver.a),armino/driver/libdriver.a
668,0,668,156,512,0,0,668,`29c,interrupt_base.c.obj (ex armino/driver/libdriver.a),armino/driver/libdriver.a
40,0,40,40,0,0,0,40,`28,aon_pmu_driver.c.obj (ex armino/driver/libdriver.a),armino/driver/libdriver.a
1447,673,1447,1432,15,0,673,2120,`848,mailbox_channel.c.obj (ex armino/driver/libdriver.a),armino/driver/libdriver.a
1768,0,1768,1768,0,0,0,1768,`6e8,interrupt.c.obj (ex armino/driver/libdriver.a),armino/driver/libdriver.a
78,0,78,38,40,0,0,78,`4e,sys_driver_common.c.obj (ex armino/driver/libdriver.a),armino/driver/libdriver.a
256,111,256,256,0,0,111,367,`16f,mbox0_adapter.c.obj (ex armino/driver/libdriver.a),armino/driver/libdriver.a
428,25,428,404,24,0,25,453,`1c5,mbox0_drv.c.obj (ex armino/driver/libdriver.a),armino/driver/libdriver.a
70,0,70,70,0,0,0,70,`46,mbox0_cross_core.c.obj (ex armino/driver/libdriver.a),armino/driver/libdriver.a
252,17,252,252,0,0,17,269,`10d,flash_notify.c.obj (ex armino/driver/libdriver.a),armino/driver/libdriver.a
3344,10,3344,2010,1334,0,10,3354,`d1a,flash_client.c.obj (ex armino/driver/libdriver.a),armino/driver/libdriver.a
116,0,116,116,0,0,0,116,`74,driver.c.obj (ex armino/driver/libdriver.a),armino/driver/libdriver.a
106,0,106,106,0,0,0,106,`6a,sys_driver.c.obj (ex armino/driver/libdriver.a),armino/driver/libdriver.a
172,0,172,172,0,0,0,172,`ac,sys_ps_driver.c.obj (ex armino/driver/libdriver.a),armino/driver/libdriver.a
666,0,666,666,0,0,0,666,`29a,sys_audio_driver.c.obj (ex armino/driver/libdriver.a),armino/driver/libdriver.a
26,0,26,26,0,0,0,26,`1a,sys_psram_driver.c.obj (ex armino/driver/libdriver.a),armino/driver/libdriver.a
24,460,24,24,0,0,460,484,`1e4,drv_model.c.obj (ex armino/driver/libdriver.a),armino/driver/libdriver.a
360,33,360,360,0,0,33,393,`189,timer_driver.c.obj (ex armino/driver/libdriver.a),armino/driver/libdriver.a
275,10,275,176,99,0,10,285,`11d,saradc_client.c.obj (ex armino/driver/libdriver.a),armino/driver/libdriver.a
64,4,64,64,0,0,4,68,`44,saradc_notify.c.obj (ex armino/driver/libdriver.a),armino/driver/libdriver.a
1362,28,1362,1192,170,0,28,1390,`56e,pwr_clk.c.obj (ex armino/driver/libdriver.a),armino/driver/libdriver.a
444,560,444,444,0,0,560,1004,`3ec,pm_ap_misc.c.obj (ex armino/driver/libdriver.a),armino/driver/libdriver.a
745,4,745,440,305,0,4,749,`2ed,pm_ap_core.c.obj (ex armino/driver/libdriver.a),armino/driver/libdriver.a
1779,45,1779,1460,319,0,45,1824,`720,h264_driver.c.obj (ex armino/driver/libdriver.a),armino/driver/libdriver.a
1449,13,1449,1032,417,0,13,1462,`5b6,rott_driver.c.obj (ex armino/driver/libdriver.a),armino/driver/libdriver.a
1080,81,1080,908,172,0,81,1161,`489,yuv_buf_driver.c.obj (ex armino/driver/libdriver.a),armino/driver/libdriver.a
3333,44,3329,2880,449,4,40,3373,`d2d,hw_scale_driver.c.obj (ex armino/driver/libdriver.a),armino/driver/libdriver.a
10,0,10,10,0,0,0,10,`a,sys_usb_driver.c.obj (ex armino/driver/libdriver.a),armino/driver/libdriver.a
3296,669,3296,3038,258,0,669,3965,`f7d,dma_driver.c.obj (ex armino/driver/libdriver.a),armino/driver/libdriver.a
3175,153,3175,2942,233,0,153,3328,`d00,i2c_driver.c.obj (ex armino/driver/libdriver.a),armino/driver/libdriver.a
2897,257,2897,2768,129,0,257,3154,`c52,pwm_driver.c.obj (ex armino/driver/libdriver.a),armino/driver/libdriver.a
7017,304,7017,6480,537,0,304,7321,`1c99,i2s_driver.c.obj (ex armino/driver/libdriver.a),armino/driver/libdriver.a
7617,304,7617,6664,953,0,304,7921,`1ef1,i2s_multi_driver.c.obj (ex armino/driver/libdriver.a),armino/driver/libdriver.a
2685,63,2685,2322,363,0,63,2748,`abc,lcd_driver.c.obj (ex armino/driver/libdriver.a),armino/driver/libdriver.a
1243,45,1243,982,261,0,45,1288,`508,jpeg_dec_driver.c.obj (ex armino/driver/libdriver.a),armino/driver/libdriver.a
690,25,690,566,124,0,25,715,`2cb,dma2d_driver.c.obj (ex armino/driver/libdriver.a),armino/driver/libdriver.a
156,13,156,156,0,0,13,169,`a9,trng_driver.c.obj (ex armino/driver/libdriver.a),armino/driver/libdriver.a
313,0,313,20,293,0,0,313,`139,flash_partition.c.obj (ex armino/driver/libdriver.a),armino/driver/libdriver.a
1003,146,907,760,147,96,50,1053,`41d,spi_driver.c.obj (ex armino/driver/libdriver.a),armino/driver/libdriver.a
32,64,32,32,0,0,64,96,`60,spi_statis.c.obj (ex armino/driver/libdriver.a),armino/driver/libdriver.a
884,25,860,792,68,24,1,885,`375,qspi_driver.c.obj (ex armino/driver/libdriver.a),armino/driver/libdriver.a
2829,30,2804,2232,572,25,5,2834,`b12,lcd_qspi_driver.c.obj (ex armino/driver/libdriver.a),armino/driver/libdriver.a
828,71,822,792,30,6,65,893,`37d,jpeg_driver.c.obj (ex armino/driver/libdriver.a),armino/driver/libdriver.a
209,2,209,144,65,0,2,211,`d3,psram_driver.c.obj (ex armino/driver/libdriver.a),armino/driver/libdriver.a
104,8,104,104,0,0,8,112,`70,aon_rtc_driver_64bit.c.obj (ex armino/driver/libdriver.a),armino/driver/libdriver.a
884,30,884,584,300,0,30,914,`392,sdio_host_driver.c.obj (ex armino/driver/libdriver.a),armino/driver/libdriver.a
608,21,608,608,0,0,21,629,`275,aud_common_driver.c.obj (ex armino/driver/libdriver.a),armino/driver/libdriver.a
1179,0,1179,986,193,0,0,1179,`49b,aud_adc_driver.c.obj (ex armino/driver/libdriver.a),armino/driver/libdriver.a
884,0,884,684,200,0,0,884,`374,aud_dmic_driver.c.obj (ex armino/driver/libdriver.a),armino/driver/libdriver.a
1312,0,1312,1078,234,0,0,1312,`520,aud_dac_driver.c.obj (ex armino/driver/libdriver.a),armino/driver/libdriver.a
676,0,676,676,0,0,0,676,`2a4,audio_ring_buff.c.obj (ex armino/driver/libdriver.a),armino/driver/libdriver.a
4216,1753,3808,3340,468,408,1345,5561,`15b9,mb_ipc.c.obj (ex armino/driver/libdriver.a),armino/driver/libdriver.a
141,0,141,88,53,0,0,141,`8d,mb_ipc_heartbeat.c.obj (ex armino/driver/libdriver.a),armino/driver/libdriver.a
550,8,550,412,138,0,8,558,`22e,pm_ap_demo.c.obj (ex armino/driver/libdriver.a),armino/driver/libdriver.a
572,4,572,572,0,0,4,576,`240,sys_video_driver.c.obj (ex armino/driver/libdriver.a),armino/driver/libdriver.a
104,0,104,104,0,0,0,104,`68,sys_bt_driver.c.obj (ex armino/driver/libdriver.a),armino/driver/libdriver.a
718,0,718,678,40,0,0,718,`2ce,lcd_spi.c.obj (ex armino/driver/libdriver.a),armino/driver/libdriver.a
85260,6921,84640,71414,13226,620,6301,91561,`165a9,armino/driver/libdriver.a,armino/driver/libdriver.a
260,4,260,172,88,0,4,264,`108,components_init.c.obj (ex armino/bk_init/libbk_init.a),armino/bk_init/libbk_init.a
213,0,213,164,49,0,0,213,`d5,bk_init.c.obj (ex armino/bk_init/libbk_init.a),armino/bk_init/libbk_init.a
473,4,473,336,137,0,4,477,`1dd,armino/bk_init/libbk_init.a,armino/bk_init/libbk_init.a
2119,11,2117,1672,445,2,9,2128,`850,cli_main.c.obj (ex armino/bk_cli/libbk_cli.a),armino/bk_cli/libbk_cli.a
1096,16,1096,786,310,0,16,1112,`458,cli_pwr.c.obj (ex armino/bk_cli/libbk_cli.a),armino/bk_cli/libbk_cli.a
41,0,41,12,29,0,0,41,`29,cli_iperf.c.obj (ex armino/bk_cli/libbk_cli.a),armino/bk_cli/libbk_cli.a
1278,0,1278,752,526,0,0,1278,`4fe,cli_netif.c.obj (ex armino/bk_cli/libbk_cli.a),armino/bk_cli/libbk_cli.a
6274,120,6262,5108,1154,12,108,6382,`18ee,cli_i2s.c.obj (ex armino/bk_cli/libbk_cli.a),armino/bk_cli/libbk_cli.a
5663,9343,5560,5142,418,103,9240,14903,`3a37,shell_task.c.obj (ex armino/bk_cli/libbk_cli.a),armino/bk_cli/libbk_cli.a
1326,276,1050,1018,32,276,0,1326,`52e,shell_mailbox_cp1.c.obj (ex armino/bk_cli/libbk_cli.a),armino/bk_cli/libbk_cli.a
800,0,800,372,428,0,0,800,`320,cli_modem.c.obj (ex armino/bk_cli/libbk_cli.a),armino/bk_cli/libbk_cli.a
912,0,912,712,200,0,0,912,`390,cli_event.c.obj (ex armino/bk_cli/libbk_cli.a),armino/bk_cli/libbk_cli.a
19509,9766,19116,15574,3542,393,9373,28882,`70d2,armino/bk_cli/libbk_cli.a,armino/bk_cli/libbk_cli.a
117,85,32,32,0,85,0,117,`75,mpu_cfg.c.obj (ex armino/bk7258_ap/libbk7258_ap.a),armino/bk7258_ap/libbk7258_ap.a
1606,0,1606,1606,0,0,0,1606,`646,sys_hal.c.obj (ex armino/bk7258_ap/libbk7258_ap.a),armino/bk7258_ap/libbk7258_ap.a
254,0,254,158,96,0,0,254,`fe,aon_pmu_hal.c.obj (ex armino/bk7258_ap/libbk7258_ap.a),armino/bk7258_ap/libbk7258_ap.a
108,0,108,108,0,0,0,108,`6c,timer_hal.c.obj (ex armino/bk7258_ap/libbk7258_ap.a),armino/bk7258_ap/libbk7258_ap.a
594,4,594,540,54,0,4,598,`256,sys_pm_hal.c.obj (ex armino/bk7258_ap/libbk7258_ap.a),armino/bk7258_ap/libbk7258_ap.a
784,1,784,784,0,0,1,785,`311,i2s_hal.c.obj (ex armino/bk7258_ap/libbk7258_ap.a),armino/bk7258_ap/libbk7258_ap.a
606,0,606,606,0,0,0,606,`25e,i2s_multi_hal.c.obj (ex armino/bk7258_ap/libbk7258_ap.a),armino/bk7258_ap/libbk7258_ap.a
160,0,160,32,128,0,0,160,`a0,jpeg_ll.c.obj (ex armino/bk7258_ap/libbk7258_ap.a),armino/bk7258_ap/libbk7258_ap.a
4229,90,4144,3866,278,85,5,4234,`108a,armino/bk7258_ap/libbk7258_ap.a,armino/bk7258_ap/libbk7258_ap.a
150,0,150,150,0,0,0,150,`96,wdt_hal.c.obj (ex armino/common/libcommon.a),armino/common/libcommon.a
2936,4,2936,1552,1384,0,4,2940,`b7c,gpio_hal.c.obj (ex armino/common/libcommon.a),armino/common/libcommon.a
326,0,326,326,0,0,0,326,`146,uart_hal.c.obj (ex armino/common/libcommon.a),armino/common/libcommon.a
1186,0,1186,1090,96,0,0,1186,`4a2,mbox0_hal.c.obj (ex armino/common/libcommon.a),armino/common/libcommon.a
874,0,874,874,0,0,0,874,`36a,lcd_disp_hal.c.obj (ex armino/common/libcommon.a),armino/common/libcommon.a
160,0,160,160,0,0,0,160,`a0,timer_hal.c.obj (ex armino/common/libcommon.a),armino/common/libcommon.a
498,0,498,460,38,0,0,498,`1f2,dma_hal.c.obj (ex armino/common/libcommon.a),armino/common/libcommon.a
24,0,24,24,0,0,0,24,`18,spi_hal.c.obj (ex armino/common/libcommon.a),armino/common/libcommon.a
572,0,572,572,0,0,0,572,`23c,i2c_hal.c.obj (ex armino/common/libcommon.a),armino/common/libcommon.a
2408,0,2408,2402,6,0,0,2408,`968,pwm_hal_v1px.c.obj (ex armino/common/libcommon.a),armino/common/libcommon.a
80,0,80,80,0,0,0,80,`50,trng_hal.c.obj (ex armino/common/libcommon.a),armino/common/libcommon.a
497,0,497,458,39,0,0,497,`1f1,qspi_hal.c.obj (ex armino/common/libcommon.a),armino/common/libcommon.a
308,0,308,308,0,0,0,308,`134,jpeg_hal.c.obj (ex armino/common/libcommon.a),armino/common/libcommon.a
518,0,518,518,0,0,0,518,`206,yuv_buf_hal.c.obj (ex armino/common/libcommon.a),armino/common/libcommon.a
664,0,664,664,0,0,0,664,`298,h264_hal.c.obj (ex armino/common/libcommon.a),armino/common/libcommon.a
6,0,6,6,0,0,0,6,`6,psram_hal.c.obj (ex armino/common/libcommon.a),armino/common/libcommon.a
24,0,24,24,0,0,0,24,`18,aud_hal.c.obj (ex armino/common/libcommon.a),armino/common/libcommon.a
64,0,64,64,0,0,0,64,`40,sdio_host_hal.c.obj (ex armino/common/libcommon.a),armino/common/libcommon.a
792,0,792,792,0,0,0,792,`318,dma2d_hal.c.obj (ex armino/common/libcommon.a),armino/common/libcommon.a
3340,224,3276,3112,164,64,160,3500,`dac,jpeg_dec_hal.c.obj (ex armino/common/libcommon.a),armino/common/libcommon.a
248,0,248,248,0,0,0,248,`f8,scale0_hal.c.obj (ex armino/common/libcommon.a),armino/common/libcommon.a
248,0,248,248,0,0,0,248,`f8,scale1_hal.c.obj (ex armino/common/libcommon.a),armino/common/libcommon.a
15923,228,15859,14132,1727,64,164,16087,`3ed7,armino/common/libcommon.a,armino/common/libcommon.a
241,32,241,236,5,0,32,273,`111,system_main.c.obj (ex armino/bk_startup/libbk_startup.a),armino/bk_startup/libbk_startup.a
10,0,10,10,0,0,0,10,`a,rtos_init.c.obj (ex armino/bk_startup/libbk_startup.a),armino/bk_startup/libbk_startup.a
251,32,251,246,5,0,32,283,`11b,armino/bk_startup/libbk_startup.a,armino/bk_startup/libbk_startup.a
2436,17,2436,1958,478,0,17,2453,`995,event.c.obj (ex armino/bk_event/libbk_event.a),armino/bk_event/libbk_event.a
2436,17,2436,1958,478,0,17,2453,`995,armino/bk_event/libbk_event.a,armino/bk_event/libbk_event.a
2377,33,2376,2176,200,1,32,2409,`969,audio_dbgtool_intf.c.obj (ex armino/bk_aud_param_ctrl/libbk_aud_param_ctrl.a),armino/bk_aud_param_ctrl/libbk_aud_param_ctrl.a
1208,40,1208,904,304,0,40,1248,`4e0,audio_param_ctrl.c.obj (ex armino/bk_aud_param_ctrl/libbk_aud_param_ctrl.a),armino/bk_aud_param_ctrl/libbk_aud_param_ctrl.a
3585,73,3584,3080,504,1,72,3657,`e49,armino/bk_aud_param_ctrl/libbk_aud_param_ctrl.a,armino/bk_aud_param_ctrl/libbk_aud_param_ctrl.a
4317,20,4317,3274,1043,0,20,4337,`10f1,aec_v3_algorithm.c.obj (ex armino/aec_v3_algorithm/libaec_v3_algorithm.a),armino/aec_v3_algorithm/libaec_v3_algorithm.a
4317,20,4317,3274,1043,0,20,4337,`10f1,armino/aec_v3_algorithm/libaec_v3_algorithm.a,armino/aec_v3_algorithm/libaec_v3_algorithm.a
4098,8,4098,2948,1150,0,8,4106,`100a,onboard_speaker_stream.c.obj (ex armino/onboard_speaker_stream/libonboard_speaker_stream.a),armino/onboard_speaker_stream/libonboard_speaker_stream.a
4098,8,4098,2948,1150,0,8,4106,`100a,armino/onboard_speaker_stream/libonboard_speaker_stream.a,armino/onboard_speaker_stream/libonboard_speaker_stream.a
3148,4,3148,1978,1170,0,4,3152,`c50,onboard_mic_stream.c.obj (ex armino/onboard_mic_stream/libonboard_mic_stream.a),armino/onboard_mic_stream/libonboard_mic_stream.a
3148,4,3148,1978,1170,0,4,3152,`c50,armino/onboard_mic_stream/libonboard_mic_stream.a,armino/onboard_mic_stream/libonboard_mic_stream.a
3552,12,3552,2512,1040,0,12,3564,`dec,onboard_dual_dmic_mic_stream.c.obj (ex armino/onboard_dual_dmic_mic_stream/libonboard_dual_dmic_mic_stream.a),armino/onboard_dual_dmic_mic_stream/libonboard_dual_dmic_mic_stream.a
3552,12,3552,2512,1040,0,12,3564,`dec,armino/onboard_dual_dmic_mic_stream/libonboard_dual_dmic_mic_stream.a,armino/onboard_dual_dmic_mic_stream/libonboard_dual_dmic_mic_stream.a
1550,795,788,788,0,762,33,1583,`62f,pm.c.obj (ex armino/bk_pm/libbk_pm.a),armino/bk_pm/libbk_pm.a
48,0,48,48,0,0,0,48,`30,pm_misc.c.obj (ex armino/bk_pm/libbk_pm.a),armino/bk_pm/libbk_pm.a
1598,795,836,836,0,762,33,1631,`65f,armino/bk_pm/libbk_pm.a,armino/bk_pm/libbk_pm.a
2971,12,2971,1776,1195,0,12,2983,`ba7,voice_cli.c.obj (ex armino/bk_voice_service/libbk_voice_service.a),armino/bk_voice_service/libbk_voice_service.a
8064,0,8064,4450,3614,0,0,8064,`1f80,bk_voice_service.c.obj (ex armino/bk_voice_service/libbk_voice_service.a),armino/bk_voice_service/libbk_voice_service.a
1382,0,1382,864,518,0,0,1382,`566,bk_voice_read_service.c.obj (ex armino/bk_voice_service/libbk_voice_service.a),armino/bk_voice_service/libbk_voice_service.a
2245,0,2245,1516,729,0,0,2245,`8c5,bk_voice_write_service.c.obj (ex armino/bk_voice_service/libbk_voice_service.a),armino/bk_voice_service/libbk_voice_service.a
14662,12,14662,8606,6056,0,12,14674,`3952,armino/bk_voice_service/libbk_voice_service.a,armino/bk_voice_service/libbk_voice_service.a
629,0,629,280,349,0,0,629,`275,ap_main.c.obj (ex armino/ap/libap.a),armino/ap/libap.a
629,0,629,280,349,0,0,629,`275,armino/ap/libap.a,armino/ap/libap.a
13828,0,13828,12158,1670,0,0,13828,`3604,aec.c.obj (ex C:/Users/hs150/SynologyDrive/Robotics/AdvX2026/TuyaOpen/platform/T5AI/t5_os/ap/components/bk_libs/bk7258_ap/libs/libaec_v3.a),C:/Users/hs150/SynologyDrive/Robotics/AdvX2026/TuyaOpen/platform/T5AI/t5_os/ap/components/bk_libs/bk7258_ap/libs/libaec_v3.a
6038,0,6038,1098,4940,0,0,6038,`1796,aec_fft.c.obj (ex C:/Users/hs150/SynologyDrive/Robotics/AdvX2026/TuyaOpen/platform/T5AI/t5_os/ap/components/bk_libs/bk7258_ap/libs/libaec_v3.a),C:/Users/hs150/SynologyDrive/Robotics/AdvX2026/TuyaOpen/platform/T5AI/t5_os/ap/components/bk_libs/bk7258_ap/libs/libaec_v3.a
16122,0,16122,15944,178,0,0,16122,`3efa,gtcrn.c.obj (ex C:/Users/hs150/SynologyDrive/Robotics/AdvX2026/TuyaOpen/platform/T5AI/t5_os/ap/components/bk_libs/bk7258_ap/libs/libaec_v3.a),C:/Users/hs150/SynologyDrive/Robotics/AdvX2026/TuyaOpen/platform/T5AI/t5_os/ap/components/bk_libs/bk7258_ap/libs/libaec_v3.a
4538,0,4538,4538,0,0,0,4538,`11ba,rfft.S.obj (ex C:/Users/hs150/SynologyDrive/Robotics/AdvX2026/TuyaOpen/platform/T5AI/t5_os/ap/components/bk_libs/bk7258_ap/libs/libaec_v3.a),C:/Users/hs150/SynologyDrive/Robotics/AdvX2026/TuyaOpen/platform/T5AI/t5_os/ap/components/bk_libs/bk7258_ap/libs/libaec_v3.a
900,0,900,900,0,0,0,900,`384,asm_pt_cv0.S.obj (ex C:/Users/hs150/SynologyDrive/Robotics/AdvX2026/TuyaOpen/platform/T5AI/t5_os/ap/components/bk_libs/bk7258_ap/libs/libaec_v3.a),C:/Users/hs150/SynologyDrive/Robotics/AdvX2026/TuyaOpen/platform/T5AI/t5_os/ap/components/bk_libs/bk7258_ap/libs/libaec_v3.a
258,0,258,258,0,0,0,258,`102,asm_pt_cv1.S.obj (ex C:/Users/hs150/SynologyDrive/Robotics/AdvX2026/TuyaOpen/platform/T5AI/t5_os/ap/components/bk_libs/bk7258_ap/libs/libaec_v3.a),C:/Users/hs150/SynologyDrive/Robotics/AdvX2026/TuyaOpen/platform/T5AI/t5_os/ap/components/bk_libs/bk7258_ap/libs/libaec_v3.a
170,0,170,170,0,0,0,170,`aa,asm_pt_cv2.S.obj (ex C:/Users/hs150/SynologyDrive/Robotics/AdvX2026/TuyaOpen/platform/T5AI/t5_os/ap/components/bk_libs/bk7258_ap/libs/libaec_v3.a),C:/Users/hs150/SynologyDrive/Robotics/AdvX2026/TuyaOpen/platform/T5AI/t5_os/ap/components/bk_libs/bk7258_ap/libs/libaec_v3.a
116,0,116,116,0,0,0,116,`74,asm_pt2_cv.S.obj (ex C:/Users/hs150/SynologyDrive/Robotics/AdvX2026/TuyaOpen/platform/T5AI/t5_os/ap/components/bk_libs/bk7258_ap/libs/libaec_v3.a),C:/Users/hs150/SynologyDrive/Robotics/AdvX2026/TuyaOpen/platform/T5AI/t5_os/ap/components/bk_libs/bk7258_ap/libs/libaec_v3.a
236,0,236,236,0,0,0,236,`ec,asm_dpt_cv3.S.obj (ex C:/Users/hs150/SynologyDrive/Robotics/AdvX2026/TuyaOpen/platform/T5AI/t5_os/ap/components/bk_libs/bk7258_ap/libs/libaec_v3.a),C:/Users/hs150/SynologyDrive/Robotics/AdvX2026/TuyaOpen/platform/T5AI/t5_os/ap/components/bk_libs/bk7258_ap/libs/libaec_v3.a
218,0,218,218,0,0,0,218,`da,asm_dpt_cv4.S.obj (ex C:/Users/hs150/SynologyDrive/Robotics/AdvX2026/TuyaOpen/platform/T5AI/t5_os/ap/components/bk_libs/bk7258_ap/libs/libaec_v3.a),C:/Users/hs150/SynologyDrive/Robotics/AdvX2026/TuyaOpen/platform/T5AI/t5_os/ap/components/bk_libs/bk7258_ap/libs/libaec_v3.a
164,0,164,164,0,0,0,164,`a4,asm_dpg_fc.S.obj (ex C:/Users/hs150/SynologyDrive/Robotics/AdvX2026/TuyaOpen/platform/T5AI/t5_os/ap/components/bk_libs/bk7258_ap/libs/libaec_v3.a),C:/Users/hs150/SynologyDrive/Robotics/AdvX2026/TuyaOpen/platform/T5AI/t5_os/ap/components/bk_libs/bk7258_ap/libs/libaec_v3.a
342,0,342,342,0,0,0,342,`156,asm_inter_gru.S.obj (ex C:/Users/hs150/SynologyDrive/Robotics/AdvX2026/TuyaOpen/platform/T5AI/t5_os/ap/components/bk_libs/bk7258_ap/libs/libaec_v3.a),C:/Users/hs150/SynologyDrive/Robotics/AdvX2026/TuyaOpen/platform/T5AI/t5_os/ap/components/bk_libs/bk7258_ap/libs/libaec_v3.a
268,0,268,268,0,0,0,268,`10c,asm_intra_gru.S.obj (ex C:/Users/hs150/SynologyDrive/Robotics/AdvX2026/TuyaOpen/platform/T5AI/t5_os/ap/components/bk_libs/bk7258_ap/libs/libaec_v3.a),C:/Users/hs150/SynologyDrive/Robotics/AdvX2026/TuyaOpen/platform/T5AI/t5_os/ap/components/bk_libs/bk7258_ap/libs/libaec_v3.a
318,0,318,318,0,0,0,318,`13e,asm_dp2_cv.S.obj (ex C:/Users/hs150/SynologyDrive/Robotics/AdvX2026/TuyaOpen/platform/T5AI/t5_os/ap/components/bk_libs/bk7258_ap/libs/libaec_v3.a),C:/Users/hs150/SynologyDrive/Robotics/AdvX2026/TuyaOpen/platform/T5AI/t5_os/ap/components/bk_libs/bk7258_ap/libs/libaec_v3.a
320,0,320,320,0,0,0,320,`140,asm_dp3_cv.S.obj (ex C:/Users/hs150/SynologyDrive/Robotics/AdvX2026/TuyaOpen/platform/T5AI/t5_os/ap/components/bk_libs/bk7258_ap/libs/libaec_v3.a),C:/Users/hs150/SynologyDrive/Robotics/AdvX2026/TuyaOpen/platform/T5AI/t5_os/ap/components/bk_libs/bk7258_ap/libs/libaec_v3.a
320,0,320,320,0,0,0,320,`140,asm_dp4_cv.S.obj (ex C:/Users/hs150/SynologyDrive/Robotics/AdvX2026/TuyaOpen/platform/T5AI/t5_os/ap/components/bk_libs/bk7258_ap/libs/libaec_v3.a),C:/Users/hs150/SynologyDrive/Robotics/AdvX2026/TuyaOpen/platform/T5AI/t5_os/ap/components/bk_libs/bk7258_ap/libs/libaec_v3.a
100,0,100,100,0,0,0,100,`64,asm_buf_mv.S.obj (ex C:/Users/hs150/SynologyDrive/Robotics/AdvX2026/TuyaOpen/platform/T5AI/t5_os/ap/components/bk_libs/bk7258_ap/libs/libaec_v3.a),C:/Users/hs150/SynologyDrive/Robotics/AdvX2026/TuyaOpen/platform/T5AI/t5_os/ap/components/bk_libs/bk7258_ap/libs/libaec_v3.a
64,0,64,64,0,0,0,64,`40,asm_tra_act.S.obj (ex C:/Users/hs150/SynologyDrive/Robotics/AdvX2026/TuyaOpen/platform/T5AI/t5_os/ap/components/bk_libs/bk7258_ap/libs/libaec_v3.a),C:/Users/hs150/SynologyDrive/Robotics/AdvX2026/TuyaOpen/platform/T5AI/t5_os/ap/components/bk_libs/bk7258_ap/libs/libaec_v3.a
88,0,88,88,0,0,0,88,`58,asm_tra_out.S.obj (ex C:/Users/hs150/SynologyDrive/Robotics/AdvX2026/TuyaOpen/platform/T5AI/t5_os/ap/components/bk_libs/bk7258_ap/libs/libaec_v3.a),C:/Users/hs150/SynologyDrive/Robotics/AdvX2026/TuyaOpen/platform/T5AI/t5_os/ap/components/bk_libs/bk7258_ap/libs/libaec_v3.a
8672,0,8672,0,8672,0,0,8672,`21e0,aec_data.c.obj (ex C:/Users/hs150/SynologyDrive/Robotics/AdvX2026/TuyaOpen/platform/T5AI/t5_os/ap/components/bk_libs/bk7258_ap/libs/libaec_v3.a),C:/Users/hs150/SynologyDrive/Robotics/AdvX2026/TuyaOpen/platform/T5AI/t5_os/ap/components/bk_libs/bk7258_ap/libs/libaec_v3.a
50912,0,50912,0,50912,0,0,50912,`c6e0,gtcrn_data.c.obj (ex C:/Users/hs150/SynologyDrive/Robotics/AdvX2026/TuyaOpen/platform/T5AI/t5_os/ap/components/bk_libs/bk7258_ap/libs/libaec_v3.a),C:/Users/hs150/SynologyDrive/Robotics/AdvX2026/TuyaOpen/platform/T5AI/t5_os/ap/components/bk_libs/bk7258_ap/libs/libaec_v3.a
103992,0,103992,37620,66372,0,0,103992,`19638,C:/Users/hs150/SynologyDrive/Robotics/AdvX2026/TuyaOpen/platform/T5AI/t5_os/ap/components/bk_libs/bk7258_ap/libs/libaec_v3.a,C:/Users/hs150/SynologyDrive/Robotics/AdvX2026/TuyaOpen/platform/T5AI/t5_os/ap/components/bk_libs/bk7258_ap/libs/libaec_v3.a
3397,9,3397,3168,229,0,9,3406,`d4e,rtos_pub_smp.c.obj (ex armino/bk_rtos/libbk_rtos.a),armino/bk_rtos/libbk_rtos.a
128,0,128,64,64,0,0,128,`80,rtos_debug.c.obj (ex armino/bk_rtos/libbk_rtos.a),armino/bk_rtos/libbk_rtos.a
970,0,970,754,216,0,0,970,`3ca,mem_arch.c.obj (ex armino/bk_rtos/libbk_rtos.a),armino/bk_rtos/libbk_rtos.a
132,0,132,122,10,0,0,132,`84,str_arch.c.obj (ex armino/bk_rtos/libbk_rtos.a),armino/bk_rtos/libbk_rtos.a
131,0,131,88,43,0,0,131,`83,platform_stub.c.obj (ex armino/bk_rtos/libbk_rtos.a),armino/bk_rtos/libbk_rtos.a
453,4,453,414,39,0,4,457,`1c9,pthread_local_storage.c.obj (ex armino/bk_rtos/libbk_rtos.a),armino/bk_rtos/libbk_rtos.a
5211,13,5211,4610,601,0,13,5224,`1468,armino/bk_rtos/libbk_rtos.a,armino/bk_rtos/libbk_rtos.a
521,84,437,352,85,84,0,521,`209,video_osi_wrapper.c.obj (ex armino/media_service/libmedia_service.a),armino/media_service/libmedia_service.a
342,52,290,226,64,52,0,342,`156,audio_osi_wrapper.c.obj (ex armino/media_service/libmedia_service.a),armino/media_service/libmedia_service.a
541,24,541,364,177,0,24,565,`235,media_service.c.obj (ex armino/media_service/libmedia_service.a),armino/media_service/libmedia_service.a
1404,160,1268,942,326,136,24,1428,`594,armino/media_service/libmedia_service.a,armino/media_service/libmedia_service.a
1043,0,1043,924,119,0,0,1043,`413,event_groups.c.obj (ex armino/os_source/libos_source.a),armino/os_source/libos_source.a
138,0,138,138,0,0,0,138,`8a,list.c.obj (ex armino/os_source/libos_source.a),armino/os_source/libos_source.a
3091,0,3091,2788,303,0,0,3091,`c13,queue.c.obj (ex armino/os_source/libos_source.a),armino/os_source/libos_source.a
7587,412,7583,7014,569,4,408,7995,`1f3b,tasks.c.obj (ex armino/os_source/libos_source.a),armino/os_source/libos_source.a
1556,404,1556,1382,174,0,404,1960,`7a8,timers.c.obj (ex armino/os_source/libos_source.a),armino/os_source/libos_source.a
504,8,504,402,102,0,8,512,`200,heap_6.c.obj (ex armino/os_source/libos_source.a),armino/os_source/libos_source.a
1357,53,1356,1234,122,1,52,1409,`581,port.c.obj (ex armino/os_source/libos_source.a),armino/os_source/libos_source.a
216,0,216,216,0,0,0,216,`d8,portasm.c.obj (ex armino/os_source/libos_source.a),armino/os_source/libos_source.a
15492,877,15487,14098,1389,5,872,16364,`3fec,armino/os_source/libos_source.a,armino/os_source/libos_source.a
4655,648,4655,2362,2293,0,648,5303,`14b7,cm_backtrace.c.obj (ex armino/coredump/libcoredump.a),armino/coredump/libcoredump.a
4655,648,4655,2362,2293,0,648,5303,`14b7,armino/coredump/libcoredump.a,armino/coredump/libcoredump.a
2369,8,2369,1632,737,0,8,2377,`949,lcd_display_service.c.obj (ex armino/display_service/libdisplay_service.a),armino/display_service/libdisplay_service.a
712,17,712,392,320,0,17,729,`2d9,lcd_qspi_display_service.c.obj (ex armino/display_service/libdisplay_service.a),armino/display_service/libdisplay_service.a
1859,24,1835,1520,315,24,0,1859,`743,lcd_spi_display_service.c.obj (ex armino/display_service/libdisplay_service.a),armino/display_service/libdisplay_service.a
4940,49,4916,3544,1372,24,25,4965,`1365,armino/display_service/libdisplay_service.a,armino/display_service/libdisplay_service.a
1161,160,1161,880,281,0,160,1321,`529,bk_modem_main.c.obj (ex armino/bk_modem/libbk_modem.a),armino/bk_modem/libbk_modem.a
252,1,251,164,87,1,0,252,`fc,bk_modem_usbh_if.c.obj (ex armino/bk_modem/libbk_modem.a),armino/bk_modem/libbk_modem.a
2664,48,2664,1794,870,0,48,2712,`a98,bk_modem_uart.c.obj (ex armino/bk_modem/libbk_modem.a),armino/bk_modem/libbk_modem.a
4326,294,4322,2656,1666,4,290,4616,`1208,bk_modem_at_cmd.c.obj (ex armino/bk_modem/libbk_modem.a),armino/bk_modem/libbk_modem.a
3112,6,3112,2106,1006,0,6,3118,`c2e,bk_modem_dte.c.obj (ex armino/bk_modem/libbk_modem.a),armino/bk_modem/libbk_modem.a
1837,4,1837,1024,813,0,4,1841,`731,bk_modem_netif.c.obj (ex armino/bk_modem/libbk_modem.a),armino/bk_modem/libbk_modem.a
641,0,641,516,125,0,0,641,`281,bk_modem_dce.c.obj (ex armino/bk_modem/libbk_modem.a),armino/bk_modem/libbk_modem.a
13993,513,13988,9140,4848,5,508,14501,`38a5,armino/bk_modem/libbk_modem.a,armino/bk_modem/libbk_modem.a
653,8,652,576,76,1,7,660,`294,usb_driver.c.obj (ex armino/bk_usb/libbk_usb.a),armino/bk_usb/libbk_usb.a
3261,1252,3253,2194,1059,8,1244,4505,`1199,usbh_core.c.obj (ex armino/bk_usb/libbk_usb.a),armino/bk_usb/libbk_usb.a
4429,729,4429,4368,61,0,729,5158,`1426,usb_hc_beken_musb.c.obj (ex armino/bk_usb/libbk_usb.a),armino/bk_usb/libbk_usb.a
4270,73,4270,3398,872,0,73,4343,`10f7,usbh_hub.c.obj (ex armino/bk_usb/libbk_usb.a),armino/bk_usb/libbk_usb.a
1644,132,1644,1562,82,0,132,1776,`6f0,usbh_video.c.obj (ex armino/bk_usb/libbk_usb.a),armino/bk_usb/libbk_usb.a
1942,1900,1942,1794,148,0,1900,3842,`f02,usbh_audio.c.obj (ex armino/bk_usb/libbk_usb.a),armino/bk_usb/libbk_usb.a
1034,41,1034,856,178,0,41,1075,`433,usbh_msc.c.obj (ex armino/bk_usb/libbk_usb.a),armino/bk_usb/libbk_usb.a
1241,4,1241,936,305,0,4,1245,`4dd,usbh_cdc_acm.c.obj (ex armino/bk_usb/libbk_usb.a),armino/bk_usb/libbk_usb.a
1147,321,1147,1030,117,0,321,1468,`5bc,usbh_ch34x.c.obj (ex armino/bk_usb/libbk_usb.a),armino/bk_usb/libbk_usb.a
887,65,887,748,139,0,65,952,`3b8,bk_cherry_usb_cdc_acm_api.c.obj (ex armino/bk_usb/libbk_usb.a),armino/bk_usb/libbk_usb.a
1569,537,1569,1060,509,0,537,2106,`83a,bk_usb_cdc_modem.c.obj (ex armino/bk_usb/libbk_usb.a),armino/bk_usb/libbk_usb.a
140,0,140,140,0,0,0,140,`8c,usb_osal_adaptor.c.obj (ex armino/bk_usb/libbk_usb.a),armino/bk_usb/libbk_usb.a
4500,516,4500,3508,992,0,516,5016,`1398,bk_usbh_hub_multiple_classes_api.c.obj (ex armino/bk_usb/libbk_usb.a),armino/bk_usb/libbk_usb.a
26717,5578,26708,22170,4538,9,5569,32286,`7e1e,armino/bk_usb/libbk_usb.a,armino/bk_usb/libbk_usb.a
284,0,284,28,256,0,0,284,`11c,avdk_crc.c.obj (ex armino/avdk_utils/libavdk_utils.a),armino/avdk_utils/libavdk_utils.a
284,0,284,28,256,0,0,284,`11c,armino/avdk_utils/libavdk_utils.a,armino/avdk_utils/libavdk_utils.a
2770,8,2770,2044,726,0,8,2778,`ada,media_cli.c.obj (ex armino/multimedia/libmultimedia.a),armino/multimedia/libmultimedia.a
858,4,858,532,326,0,4,862,`35e,camera_handle_list.c.obj (ex armino/multimedia/libmultimedia.a),armino/multimedia/libmultimedia.a
1468,4,1468,992,476,0,4,1472,`5c0,media_app.c.obj (ex armino/multimedia/libmultimedia.a),armino/multimedia/libmultimedia.a
4256,4,4256,3248,1008,0,4,4260,`10a4,frame_buffer.c.obj (ex armino/multimedia/libmultimedia.a),armino/multimedia/libmultimedia.a
269,4,269,218,51,0,4,273,`111,camera_act.c.obj (ex armino/multimedia/libmultimedia.a),armino/multimedia/libmultimedia.a
400,0,400,212,188,0,0,400,`190,net_camera.c.obj (ex armino/multimedia/libmultimedia.a),armino/multimedia/libmultimedia.a
210,24,186,186,0,24,0,210,`d2,dvp.c.obj (ex armino/multimedia/libmultimedia.a),armino/multimedia/libmultimedia.a
333,24,309,262,47,24,0,333,`14d,uvc.c.obj (ex armino/multimedia/libmultimedia.a),armino/multimedia/libmultimedia.a
985,4,985,668,317,0,4,989,`3dd,transfer_act.c.obj (ex armino/multimedia/libmultimedia.a),armino/multimedia/libmultimedia.a
2674,73,2674,1628,1046,0,73,2747,`abb,img_service.c.obj (ex armino/multimedia/libmultimedia.a),armino/multimedia/libmultimedia.a
582,12,582,410,172,0,12,594,`252,bk_rotate.c.obj (ex armino/multimedia/libmultimedia.a),armino/multimedia/libmultimedia.a
4807,32,4807,3454,1353,0,32,4839,`12e7,yuv_rotate_pipeline.c.obj (ex armino/multimedia/libmultimedia.a),armino/multimedia/libmultimedia.a
219,16,219,136,83,0,16,235,`eb,bk_decode.c.obj (ex armino/multimedia/libmultimedia.a),armino/multimedia/libmultimedia.a
1453,123,1453,1080,373,0,123,1576,`628,bk_scale.c.obj (ex armino/multimedia/libmultimedia.a),armino/multimedia/libmultimedia.a
6259,32,6259,5066,1193,0,32,6291,`1893,jpeg_decode_pipeline.c.obj (ex armino/multimedia/libmultimedia.a),armino/multimedia/libmultimedia.a
978,7,977,612,365,1,6,984,`3d8,uvc_pipeline_act.c.obj (ex armino/multimedia/libmultimedia.a),armino/multimedia/libmultimedia.a
411,0,411,340,71,0,0,411,`19b,jpeg_decode_list.c.obj (ex armino/multimedia/libmultimedia.a),armino/multimedia/libmultimedia.a
1260,4,1260,836,424,0,4,1264,`4f0,jpeg_get_pipeline.c.obj (ex armino/multimedia/libmultimedia.a),armino/multimedia/libmultimedia.a
5143,8,5143,3928,1215,0,8,5151,`141f,h264_encode_pipeline.c.obj (ex armino/multimedia/libmultimedia.a),armino/multimedia/libmultimedia.a
1522,8,1522,1118,404,0,8,1530,`5fa,sw_rotate.c.obj (ex armino/multimedia/libmultimedia.a),armino/multimedia/libmultimedia.a
14665,13192,1593,952,641,13072,120,14785,`39c1,sw_decode_cp2.c.obj (ex armino/multimedia/libmultimedia.a),armino/multimedia/libmultimedia.a
14598,13192,1526,940,586,13072,120,14718,`397e,sw_decode.c.obj (ex armino/multimedia/libmultimedia.a),armino/multimedia/libmultimedia.a
0,8,0,0,0,0,8,8,`8,media_mem_share.c.obj (ex armino/multimedia/libmultimedia.a),armino/multimedia/libmultimedia.a
66120,26783,39927,28862,11065,26193,590,66710,`10496,armino/multimedia/libmultimedia.a,armino/multimedia/libmultimedia.a
2163,396,1767,1670,97,396,0,2163,`873,bluetooth.c.obj (ex armino/bk_bluetooth/libbk_bluetooth.a),armino/bk_bluetooth/libbk_bluetooth.a
427,9,427,224,203,0,9,436,`1b4,bt_main.c.obj (ex armino/bk_bluetooth/libbk_bluetooth.a),armino/bk_bluetooth/libbk_bluetooth.a
1952,20,1952,1216,736,0,20,1972,`7b4,bt_ipc_core.c.obj (ex armino/bk_bluetooth/libbk_bluetooth.a),armino/bk_bluetooth/libbk_bluetooth.a
121,0,121,96,25,0,0,121,`79,hal_hci_core.c.obj (ex armino/bk_bluetooth/libbk_bluetooth.a),armino/bk_bluetooth/libbk_bluetooth.a
40,8,40,40,0,0,8,48,`30,bt_feature_config.c.obj (ex armino/bk_bluetooth/libbk_bluetooth.a),armino/bk_bluetooth/libbk_bluetooth.a
4703,433,4307,3246,1061,396,37,4740,`1284,armino/bk_bluetooth/libbk_bluetooth.a,armino/bk_bluetooth/libbk_bluetooth.a
208,16,208,208,0,0,16,224,`e0,tuya_tkl_ipc.c.obj (ex armino/tuyaos_adapter/libtuyaos_adapter.a),armino/tuyaos_adapter/libtuyaos_adapter.a
138,8,138,84,54,0,8,146,`92,tkl_hci_1.c.obj (ex armino/tuyaos_adapter/libtuyaos_adapter.a),armino/tuyaos_adapter/libtuyaos_adapter.a
688,6,686,454,232,2,4,692,`2b4,tkl_uart.c.obj (ex armino/tuyaos_adapter/libtuyaos_adapter.a),armino/tuyaos_adapter/libtuyaos_adapter.a
1422,684,738,548,190,684,0,1422,`58e,tkl_gpio.c.obj (ex armino/tuyaos_adapter/libtuyaos_adapter.a),armino/tuyaos_adapter/libtuyaos_adapter.a
28,8,20,20,0,8,0,28,`1c,tkl_mftest.c.obj (ex armino/tuyaos_adapter/libtuyaos_adapter.a),armino/tuyaos_adapter/libtuyaos_adapter.a
402,0,402,268,134,0,0,402,`192,tkl_sleep.c.obj (ex armino/tuyaos_adapter/libtuyaos_adapter.a),armino/tuyaos_adapter/libtuyaos_adapter.a
528,20,528,348,180,0,20,548,`224,tkl_wakeup.c.obj (ex armino/tuyaos_adapter/libtuyaos_adapter.a),armino/tuyaos_adapter/libtuyaos_adapter.a
1563,100,1563,1168,395,0,100,1663,`67f,tuya_mem_heap.c.obj (ex armino/tuyaos_adapter/libtuyaos_adapter.a),armino/tuyaos_adapter/libtuyaos_adapter.a
533,4,533,272,261,0,4,537,`219,tkl_memory.c.obj (ex armino/tuyaos_adapter/libtuyaos_adapter.a),armino/tuyaos_adapter/libtuyaos_adapter.a
369,0,369,314,55,0,0,369,`171,tkl_mutex.c.obj (ex armino/tuyaos_adapter/libtuyaos_adapter.a),armino/tuyaos_adapter/libtuyaos_adapter.a
176,0,176,176,0,0,0,176,`b0,tkl_semaphore.c.obj (ex armino/tuyaos_adapter/libtuyaos_adapter.a),armino/tuyaos_adapter/libtuyaos_adapter.a
221,5,221,172,49,0,5,226,`e2,tkl_system.c.obj (ex armino/tuyaos_adapter/libtuyaos_adapter.a),armino/tuyaos_adapter/libtuyaos_adapter.a
251,16,251,160,91,0,16,267,`10b,tkl_ipc.c.obj (ex armino/tuyaos_adapter/libtuyaos_adapter.a),armino/tuyaos_adapter/libtuyaos_adapter.a
192,4,192,164,28,0,4,196,`c4,tkl_flash.c.obj (ex armino/tuyaos_adapter/libtuyaos_adapter.a),armino/tuyaos_adapter/libtuyaos_adapter.a
78,6,72,72,0,6,0,78,`4e,tuya_sdio.c.obj (ex armino/tuyaos_adapter/libtuyaos_adapter.a),armino/tuyaos_adapter/libtuyaos_adapter.a
742,729,742,704,38,0,729,1471,`5bf,tuya_dma.c.obj (ex armino/tuyaos_adapter/libtuyaos_adapter.a),armino/tuyaos_adapter/libtuyaos_adapter.a
20,0,20,20,0,0,0,20,`14,tkl_output.c.obj (ex armino/tuyaos_adapter/libtuyaos_adapter.a),armino/tuyaos_adapter/libtuyaos_adapter.a
180,0,180,180,0,0,0,180,`b4,tkl_queue.c.obj (ex armino/tuyaos_adapter/libtuyaos_adapter.a),armino/tuyaos_adapter/libtuyaos_adapter.a
170,0,170,170,0,0,0,170,`aa,tkl_thread.c.obj (ex armino/tuyaos_adapter/libtuyaos_adapter.a),armino/tuyaos_adapter/libtuyaos_adapter.a
2746,51,2738,1884,854,8,43,2789,`ae5,tkl_audio.c.obj (ex armino/tuyaos_adapter/libtuyaos_adapter.a),armino/tuyaos_adapter/libtuyaos_adapter.a
258,0,258,258,0,0,0,258,`102,tkl_pinmux.c.obj (ex armino/tuyaos_adapter/libtuyaos_adapter.a),armino/tuyaos_adapter/libtuyaos_adapter.a
1582,8,1582,1472,110,0,8,1590,`636,tkl_rgb.c.obj (ex armino/tuyaos_adapter/libtuyaos_adapter.a),armino/tuyaos_adapter/libtuyaos_adapter.a
585,179,584,572,12,1,178,763,`2fb,tkl_pwm.c.obj (ex armino/tuyaos_adapter/libtuyaos_adapter.a),armino/tuyaos_adapter/libtuyaos_adapter.a
120,8,112,112,0,8,0,120,`78,tkl_spi.c.obj (ex armino/tuyaos_adapter/libtuyaos_adapter.a),armino/tuyaos_adapter/libtuyaos_adapter.a
2172,80,2156,1988,168,16,64,2236,`8bc,tkl_i2c.c.obj (ex armino/tuyaos_adapter/libtuyaos_adapter.a),armino/tuyaos_adapter/libtuyaos_adapter.a
678,8,678,570,108,0,8,686,`2ae,tkl_dma2d.c.obj (ex armino/tuyaos_adapter/libtuyaos_adapter.a),armino/tuyaos_adapter/libtuyaos_adapter.a
366,0,366,366,0,0,0,366,`16e,tuya_ringbuf.c.obj (ex armino/tuyaos_adapter/libtuyaos_adapter.a),armino/tuyaos_adapter/libtuyaos_adapter.a
34,0,34,34,0,0,0,34,`22,tuya_list.c.obj (ex armino/tuyaos_adapter/libtuyaos_adapter.a),armino/tuyaos_adapter/libtuyaos_adapter.a
0,4,0,0,0,0,4,4,`4,tkl_cellular.c.obj (ex armino/tuyaos_adapter/libtuyaos_adapter.a),armino/tuyaos_adapter/libtuyaos_adapter.a
16450,1944,15717,12758,2959,733,1211,17661,`44fd,armino/tuyaos_adapter/libtuyaos_adapter.a,armino/tuyaos_adapter/libtuyaos_adapter.a
729,65,729,660,69,0,65,794,`31a,bk_netif.c.obj (ex armino/bk_netif/libbk_netif.a),armino/bk_netif/libbk_netif.a
729,65,729,660,69,0,65,794,`31a,armino/bk_netif/libbk_netif.a,armino/bk_netif/libbk_netif.a
4,0,4,4,0,0,0,4,`4,lite-log.c.obj (ex armino/http/libhttp.a),armino/http/libhttp.a
4,0,4,4,0,0,0,4,`4,armino/http/libhttp.a,armino/http/libhttp.a
4,0,4,4,0,0,0,4,`4,bk_feature.c.obj (ex armino/bk_common/libbk_common.a),armino/bk_common/libbk_common.a
4,0,4,4,0,0,0,4,`4,armino/bk_common/libbk_common.a,armino/bk_common/libbk_common.a
661,128,533,508,25,128,0,661,`295,bk_vfs.c.obj (ex armino/bk_vfs/libbk_vfs.a),armino/bk_vfs/libbk_vfs.a
120,640,120,120,0,0,640,760,`2f8,bk_fdtable.c.obj (ex armino/bk_vfs/libbk_vfs.a),armino/bk_vfs/libbk_vfs.a
64,80,64,64,0,0,80,144,`90,bk_filesystem.c.obj (ex armino/bk_vfs/libbk_vfs.a),armino/bk_vfs/libbk_vfs.a
206,4,206,180,26,0,4,210,`d2,bk_file_utils.c.obj (ex armino/bk_vfs/libbk_vfs.a),armino/bk_vfs/libbk_vfs.a
1051,852,923,872,51,128,724,1775,`6ef,armino/bk_vfs/libbk_vfs.a,armino/bk_vfs/libbk_vfs.a
1721,0,1721,1334,387,0,0,1721,`6b9,media_utils.c.obj (ex armino/media_utils/libmedia_utils.a),armino/media_utils/libmedia_utils.a
1078,32,1078,928,150,0,32,1110,`456,psram_mem_slab.c.obj (ex armino/media_utils/libmedia_utils.a),armino/media_utils/libmedia_utils.a
2799,32,2799,2262,537,0,32,2831,`b0f,armino/media_utils/libmedia_utils.a,armino/media_utils/libmedia_utils.a
14,0,14,14,0,0,0,14,`e,bk_peripheral.c.obj (ex armino/bk_peripheral/libbk_peripheral.a),armino/bk_peripheral/libbk_peripheral.a
56,44,12,12,0,44,0,56,`38,lcd_panel_devices.c.obj (ex armino/bk_peripheral/libbk_peripheral.a),armino/bk_peripheral/libbk_peripheral.a
1325,0,1325,1270,55,0,0,1325,`52d,lcd_st7701s_ly.c.obj (ex armino/bk_peripheral/libbk_peripheral.a),armino/bk_peripheral/libbk_peripheral.a
1586,0,1586,1534,52,0,0,1586,`632,lcd_st7701s.c.obj (ex armino/bk_peripheral/libbk_peripheral.a),armino/bk_peripheral/libbk_peripheral.a
1503,0,1503,1450,53,0,0,1503,`5df,lcd_st7701sn.c.obj (ex armino/bk_peripheral/libbk_peripheral.a),armino/bk_peripheral/libbk_peripheral.a
1496,0,1496,1446,50,0,0,1496,`5d8,lcd_aml01.c.obj (ex armino/bk_peripheral/libbk_peripheral.a),armino/bk_peripheral/libbk_peripheral.a
4966,0,4966,4898,68,0,0,4966,`1366,lcd_nt35510_mcu.c.obj (ex armino/bk_peripheral/libbk_peripheral.a),armino/bk_peripheral/libbk_peripheral.a
681,1,680,424,256,1,0,681,`2a9,lcd_st7796s.c.obj (ex armino/bk_peripheral/libbk_peripheral.a),armino/bk_peripheral/libbk_peripheral.a
180,24,156,156,0,24,0,180,`b4,dvp_sensor_devices.c.obj (ex armino/bk_peripheral/libbk_peripheral.a),armino/bk_peripheral/libbk_peripheral.a
1083,1,1083,424,659,0,1,1084,`43c,dvp_gc0308.c.obj (ex armino/bk_peripheral/libbk_peripheral.a),armino/bk_peripheral/libbk_peripheral.a
2004,1,2004,934,1070,0,1,2005,`7d5,dvp_gc0328c.c.obj (ex armino/bk_peripheral/libbk_peripheral.a),armino/bk_peripheral/libbk_peripheral.a
3141,1,3141,1052,2089,0,1,3142,`c46,dvp_gc2145.c.obj (ex armino/bk_peripheral/libbk_peripheral.a),armino/bk_peripheral/libbk_peripheral.a
2885,1,2885,478,2407,0,1,2886,`b46,dvp_hm1055.c.obj (ex armino/bk_peripheral/libbk_peripheral.a),armino/bk_peripheral/libbk_peripheral.a
1217,1,1217,446,771,0,1,1218,`4c2,dvp_ov2640.c.obj (ex armino/bk_peripheral/libbk_peripheral.a),armino/bk_peripheral/libbk_peripheral.a
1054,1,1054,232,822,0,1,1055,`41f,dvp_sc101.c.obj (ex armino/bk_peripheral/libbk_peripheral.a),armino/bk_peripheral/libbk_peripheral.a
52,0,52,0,52,0,0,52,`34,lcd_h050iwv.c.obj (ex armino/bk_peripheral/libbk_peripheral.a),armino/bk_peripheral/libbk_peripheral.a
51,0,51,0,51,0,0,51,`33,lcd_hx8282.c.obj (ex armino/bk_peripheral/libbk_peripheral.a),armino/bk_peripheral/libbk_peripheral.a
52,0,52,0,52,0,0,52,`34,lcd_md0430r.c.obj (ex armino/bk_peripheral/libbk_peripheral.a),armino/bk_peripheral/libbk_peripheral.a
52,0,52,0,52,0,0,52,`34,lcd_md0700r.c.obj (ex armino/bk_peripheral/libbk_peripheral.a),armino/bk_peripheral/libbk_peripheral.a
51,0,51,0,51,0,0,51,`33,lcd_st7282.c.obj (ex armino/bk_peripheral/libbk_peripheral.a),armino/bk_peripheral/libbk_peripheral.a
23449,75,23380,14770,8610,69,6,23455,`5b9f,armino/bk_peripheral/libbk_peripheral.a,armino/bk_peripheral/libbk_peripheral.a
6362,14,6362,5162,1200,0,14,6376,`18e8,bk_dvp.c.obj (ex armino/bk_dvp/libbk_dvp.a),armino/bk_dvp/libbk_dvp.a
230,0,230,230,0,0,0,230,`e6,video_common_driver.c.obj (ex armino/bk_dvp/libbk_dvp.a),armino/bk_dvp/libbk_dvp.a
6592,14,6592,5392,1200,0,14,6606,`19ce,armino/bk_dvp/libbk_dvp.a,armino/bk_dvp/libbk_dvp.a
8684,34,8684,6266,2418,0,34,8718,`220e,bk_uvc.c.obj (ex armino/bk_uvc/libbk_uvc.a),armino/bk_uvc/libbk_uvc.a
1374,32,1374,1032,342,0,32,1406,`57e,uvc_urb_list.c.obj (ex armino/bk_uvc/libbk_uvc.a),armino/bk_uvc/libbk_uvc.a
654,0,654,536,118,0,0,654,`28e,uvc_stream_list.c.obj (ex armino/bk_uvc/libbk_uvc.a),armino/bk_uvc/libbk_uvc.a
10712,66,10712,7834,2878,0,66,10778,`2a1a,armino/bk_uvc/libbk_uvc.a,armino/bk_uvc/libbk_uvc.a
534,4,534,282,252,0,4,538,`21a,firmware_main.c.obj (ex C:/Users/hs150/SynologyDrive/Robotics/AdvX2026/nightshift-t5/.build/lib/libtuyaapp.a),C:/Users/hs150/SynologyDrive/Robotics/AdvX2026/nightshift-t5/.build/lib/libtuyaapp.a
2662,5036,2662,2662,0,0,5036,7698,`1e12,state_store.c.obj (ex C:/Users/hs150/SynologyDrive/Robotics/AdvX2026/nightshift-t5/.build/lib/libtuyaapp.a),C:/Users/hs150/SynologyDrive/Robotics/AdvX2026/nightshift-t5/.build/lib/libtuyaapp.a
2150,8623,2150,2126,24,0,8623,10773,`2a15,uart_transport.c.obj (ex C:/Users/hs150/SynologyDrive/Robotics/AdvX2026/nightshift-t5/.build/lib/libtuyaapp.a),C:/Users/hs150/SynologyDrive/Robotics/AdvX2026/nightshift-t5/.build/lib/libtuyaapp.a
4204,3860,4203,3570,633,1,3859,8063,`1f7f,panel_ui.c.obj (ex C:/Users/hs150/SynologyDrive/Robotics/AdvX2026/nightshift-t5/.build/lib/libtuyaapp.a),C:/Users/hs150/SynologyDrive/Robotics/AdvX2026/nightshift-t5/.build/lib/libtuyaapp.a
1182,0,1182,670,512,0,0,1182,`49e,t5_protocol.c.obj (ex C:/Users/hs150/SynologyDrive/Robotics/AdvX2026/nightshift-t5/.build/lib/libtuyaapp.a),C:/Users/hs150/SynologyDrive/Robotics/AdvX2026/nightshift-t5/.build/lib/libtuyaapp.a
130,0,130,130,0,0,0,130,`82,frame_stream.c.obj (ex C:/Users/hs150/SynologyDrive/Robotics/AdvX2026/nightshift-t5/.build/lib/libtuyaapp.a),C:/Users/hs150/SynologyDrive/Robotics/AdvX2026/nightshift-t5/.build/lib/libtuyaapp.a
162,0,162,162,0,0,0,162,`a2,request_cache.c.obj (ex C:/Users/hs150/SynologyDrive/Robotics/AdvX2026/nightshift-t5/.build/lib/libtuyaapp.a),C:/Users/hs150/SynologyDrive/Robotics/AdvX2026/nightshift-t5/.build/lib/libtuyaapp.a
536,0,536,516,20,0,0,536,`218,link_session.c.obj (ex C:/Users/hs150/SynologyDrive/Robotics/AdvX2026/nightshift-t5/.build/lib/libtuyaapp.a),C:/Users/hs150/SynologyDrive/Robotics/AdvX2026/nightshift-t5/.build/lib/libtuyaapp.a
1268,0,1268,1226,42,0,0,1268,`4f4,command_router.c.obj (ex C:/Users/hs150/SynologyDrive/Robotics/AdvX2026/nightshift-t5/.build/lib/libtuyaapp.a),C:/Users/hs150/SynologyDrive/Robotics/AdvX2026/nightshift-t5/.build/lib/libtuyaapp.a
12828,17523,12827,11344,1483,1,17522,30350,`768e,C:/Users/hs150/SynologyDrive/Robotics/AdvX2026/nightshift-t5/.build/lib/libtuyaapp.a,C:/Users/hs150/SynologyDrive/Robotics/AdvX2026/nightshift-t5/.build/lib/libtuyaapp.a
3368,0,3368,3328,40,0,0,3368,`d28,lv_obj.c.obj (ex C:/Users/hs150/SynologyDrive/Robotics/AdvX2026/nightshift-t5/.build/lib/libtuyaos.a),C:/Users/hs150/SynologyDrive/Robotics/AdvX2026/nightshift-t5/.build/lib/libtuyaos.a
612,0,612,612,0,0,0,612,`264,lv_obj_class.c.obj (ex C:/Users/hs150/SynologyDrive/Robotics/AdvX2026/nightshift-t5/.build/lib/libtuyaos.a),C:/Users/hs150/SynologyDrive/Robotics/AdvX2026/nightshift-t5/.build/lib/libtuyaos.a
2116,0,2116,2116,0,0,0,2116,`844,lv_obj_draw.c.obj (ex C:/Users/hs150/SynologyDrive/Robotics/AdvX2026/nightshift-t5/.build/lib/libtuyaos.a),C:/Users/hs150/SynologyDrive/Robotics/AdvX2026/nightshift-t5/.build/lib/libtuyaos.a
852,0,852,852,0,0,0,852,`354,lv_obj_event.c.obj (ex C:/Users/hs150/SynologyDrive/Robotics/AdvX2026/nightshift-t5/.build/lib/libtuyaos.a),C:/Users/hs150/SynologyDrive/Robotics/AdvX2026/nightshift-t5/.build/lib/libtuyaos.a
8904,0,8904,8904,0,0,0,8904,`22c8,lv_obj_pos.c.obj (ex C:/Users/hs150/SynologyDrive/Robotics/AdvX2026/nightshift-t5/.build/lib/libtuyaos.a),C:/Users/hs150/SynologyDrive/Robotics/AdvX2026/nightshift-t5/.build/lib/libtuyaos.a
6948,0,6948,6948,0,0,0,6948,`1b24,lv_obj_scroll.c.obj (ex C:/Users/hs150/SynologyDrive/Robotics/AdvX2026/nightshift-t5/.build/lib/libtuyaos.a),C:/Users/hs150/SynologyDrive/Robotics/AdvX2026/nightshift-t5/.build/lib/libtuyaos.a
8020,0,8020,8020,0,0,0,8020,`1f54,lv_obj_style.c.obj (ex C:/Users/hs150/SynologyDrive/Robotics/AdvX2026/nightshift-t5/.build/lib/libtuyaos.a),C:/Users/hs150/SynologyDrive/Robotics/AdvX2026/nightshift-t5/.build/lib/libtuyaos.a
484,0,484,484,0,0,0,484,`1e4,lv_obj_style_gen.c.obj (ex C:/Users/hs150/SynologyDrive/Robotics/AdvX2026/nightshift-t5/.build/lib/libtuyaos.a),C:/Users/hs150/SynologyDrive/Robotics/AdvX2026/nightshift-t5/.build/lib/libtuyaos.a
1776,0,1776,1776,0,0,0,1776,`6f0,lv_obj_tree.c.obj (ex C:/Users/hs150/SynologyDrive/Robotics/AdvX2026/nightshift-t5/.build/lib/libtuyaos.a),C:/Users/hs150/SynologyDrive/Robotics/AdvX2026/nightshift-t5/.build/lib/libtuyaos.a
4908,0,4908,4908,0,0,0,4908,`132c,lv_refr.c.obj (ex C:/Users/hs150/SynologyDrive/Robotics/AdvX2026/nightshift-t5/.build/lib/libtuyaos.a),C:/Users/hs150/SynologyDrive/Robotics/AdvX2026/nightshift-t5/.build/lib/libtuyaos.a
2204,0,2204,2204,0,0,0,2204,`89c,lv_display.c.obj (ex C:/Users/hs150/SynologyDrive/Robotics/AdvX2026/nightshift-t5/.build/lib/libtuyaos.a),C:/Users/hs150/SynologyDrive/Robotics/AdvX2026/nightshift-t5/.build/lib/libtuyaos.a
1244,0,1244,1244,0,0,0,1244,`4dc,lv_draw.c.obj (ex C:/Users/hs150/SynologyDrive/Robotics/AdvX2026/nightshift-t5/.build/lib/libtuyaos.a),C:/Users/hs150/SynologyDrive/Robotics/AdvX2026/nightshift-t5/.build/lib/libtuyaos.a
2580,0,2580,2580,0,0,0,2580,`a14,lv_draw_buf.c.obj (ex C:/Users/hs150/SynologyDrive/Robotics/AdvX2026/nightshift-t5/.build/lib/libtuyaos.a),C:/Users/hs150/SynologyDrive/Robotics/AdvX2026/nightshift-t5/.build/lib/libtuyaos.a
1388,0,1388,1372,16,0,0,1388,`56c,lv_draw_image.c.obj (ex C:/Users/hs150/SynologyDrive/Robotics/AdvX2026/nightshift-t5/.build/lib/libtuyaos.a),C:/Users/hs150/SynologyDrive/Robotics/AdvX2026/nightshift-t5/.build/lib/libtuyaos.a
1676,0,1676,1676,0,0,0,1676,`68c,lv_draw_label.c.obj (ex C:/Users/hs150/SynologyDrive/Robotics/AdvX2026/nightshift-t5/.build/lib/libtuyaos.a),C:/Users/hs150/SynologyDrive/Robotics/AdvX2026/nightshift-t5/.build/lib/libtuyaos.a
116,0,116,116,0,0,0,116,`74,lv_draw_mask.c.obj (ex C:/Users/hs150/SynologyDrive/Robotics/AdvX2026/nightshift-t5/.build/lib/libtuyaos.a),C:/Users/hs150/SynologyDrive/Robotics/AdvX2026/nightshift-t5/.build/lib/libtuyaos.a
1484,0,1484,1484,0,0,0,1484,`5cc,lv_draw_rect.c.obj (ex C:/Users/hs150/SynologyDrive/Robotics/AdvX2026/nightshift-t5/.build/lib/libtuyaos.a),C:/Users/hs150/SynologyDrive/Robotics/AdvX2026/nightshift-t5/.build/lib/libtuyaos.a
472,0,472,472,0,0,0,472,`1d8,lv_image_decoder.c.obj (ex C:/Users/hs150/SynologyDrive/Robotics/AdvX2026/nightshift-t5/.build/lib/libtuyaos.a),C:/Users/hs150/SynologyDrive/Robotics/AdvX2026/nightshift-t5/.build/lib/libtuyaos.a
4988,0,4988,4988,0,0,0,4988,`137c,lv_draw_sw_mask.c.obj (ex C:/Users/hs150/SynologyDrive/Robotics/AdvX2026/nightshift-t5/.build/lib/libtuyaos.a),C:/Users/hs150/SynologyDrive/Robotics/AdvX2026/nightshift-t5/.build/lib/libtuyaos.a
316,0,316,316,0,0,0,316,`13c,lv_font.c.obj (ex C:/Users/hs150/SynologyDrive/Robotics/AdvX2026/nightshift-t5/.build/lib/libtuyaos.a),C:/Users/hs150/SynologyDrive/Robotics/AdvX2026/nightshift-t5/.build/lib/libtuyaos.a
6120,0,6120,6120,0,0,0,6120,`17e8,lv_indev.c.obj (ex C:/Users/hs150/SynologyDrive/Robotics/AdvX2026/nightshift-t5/.build/lib/libtuyaos.a),C:/Users/hs150/SynologyDrive/Robotics/AdvX2026/nightshift-t5/.build/lib/libtuyaos.a
3320,0,3320,3320,0,0,0,3320,`cf8,lv_indev_scroll.c.obj (ex C:/Users/hs150/SynologyDrive/Robotics/AdvX2026/nightshift-t5/.build/lib/libtuyaos.a),C:/Users/hs150/SynologyDrive/Robotics/AdvX2026/nightshift-t5/.build/lib/libtuyaos.a
92,0,92,92,0,0,0,92,`5c,lv_layout.c.obj (ex C:/Users/hs150/SynologyDrive/Robotics/AdvX2026/nightshift-t5/.build/lib/libtuyaos.a),C:/Users/hs150/SynologyDrive/Robotics/AdvX2026/nightshift-t5/.build/lib/libtuyaos.a
136,412,136,136,0,0,412,548,`224,lv_init.c.obj (ex C:/Users/hs150/SynologyDrive/Robotics/AdvX2026/nightshift-t5/.build/lib/libtuyaos.a),C:/Users/hs150/SynologyDrive/Robotics/AdvX2026/nightshift-t5/.build/lib/libtuyaos.a
2076,0,2076,2076,0,0,0,2076,`81c,lv_anim.c.obj (ex C:/Users/hs150/SynologyDrive/Robotics/AdvX2026/nightshift-t5/.build/lib/libtuyaos.a),C:/Users/hs150/SynologyDrive/Robotics/AdvX2026/nightshift-t5/.build/lib/libtuyaos.a
3056,0,3056,3056,0,0,0,3056,`bf0,lv_area.c.obj (ex C:/Users/hs150/SynologyDrive/Robotics/AdvX2026/nightshift-t5/.build/lib/libtuyaos.a),C:/Users/hs150/SynologyDrive/Robotics/AdvX2026/nightshift-t5/.build/lib/libtuyaos.a
136,0,136,136,0,0,0,136,`88,lv_async.c.obj (ex C:/Users/hs150/SynologyDrive/Robotics/AdvX2026/nightshift-t5/.build/lib/libtuyaos.a),C:/Users/hs150/SynologyDrive/Robotics/AdvX2026/nightshift-t5/.build/lib/libtuyaos.a
255,0,255,240,15,0,0,255,`ff,lv_color.c.obj (ex C:/Users/hs150/SynologyDrive/Robotics/AdvX2026/nightshift-t5/.build/lib/libtuyaos.a),C:/Users/hs150/SynologyDrive/Robotics/AdvX2026/nightshift-t5/.build/lib/libtuyaos.a
324,0,324,324,0,0,0,324,`144,lv_event.c.obj (ex C:/Users/hs150/SynologyDrive/Robotics/AdvX2026/nightshift-t5/.build/lib/libtuyaos.a),C:/Users/hs150/SynologyDrive/Robotics/AdvX2026/nightshift-t5/.build/lib/libtuyaos.a
933,0,933,932,1,0,0,933,`3a5,lv_fs.c.obj (ex C:/Users/hs150/SynologyDrive/Robotics/AdvX2026/nightshift-t5/.build/lib/libtuyaos.a),C:/Users/hs150/SynologyDrive/Robotics/AdvX2026/nightshift-t5/.build/lib/libtuyaos.a
448,0,448,448,0,0,0,448,`1c0,lv_ll.c.obj (ex C:/Users/hs150/SynologyDrive/Robotics/AdvX2026/nightshift-t5/.build/lib/libtuyaos.a),C:/Users/hs150/SynologyDrive/Robotics/AdvX2026/nightshift-t5/.build/lib/libtuyaos.a
1938,0,1938,1756,182,0,0,1938,`792,lv_math.c.obj (ex C:/Users/hs150/SynologyDrive/Robotics/AdvX2026/nightshift-t5/.build/lib/libtuyaos.a),C:/Users/hs150/SynologyDrive/Robotics/AdvX2026/nightshift-t5/.build/lib/libtuyaos.a
818,0,818,248,570,0,0,818,`332,lv_palette.c.obj (ex C:/Users/hs150/SynologyDrive/Robotics/AdvX2026/nightshift-t5/.build/lib/libtuyaos.a),C:/Users/hs150/SynologyDrive/Robotics/AdvX2026/nightshift-t5/.build/lib/libtuyaos.a
932,0,932,788,144,0,0,932,`3a4,lv_style.c.obj (ex C:/Users/hs150/SynologyDrive/Robotics/AdvX2026/nightshift-t5/.build/lib/libtuyaos.a),C:/Users/hs150/SynologyDrive/Robotics/AdvX2026/nightshift-t5/.build/lib/libtuyaos.a
2571,28,2543,2532,11,28,0,2571,`a0b,lv_text.c.obj (ex C:/Users/hs150/SynologyDrive/Robotics/AdvX2026/nightshift-t5/.build/lib/libtuyaos.a),C:/Users/hs150/SynologyDrive/Robotics/AdvX2026/nightshift-t5/.build/lib/libtuyaos.a
736,0,736,736,0,0,0,736,`2e0,lv_timer.c.obj (ex C:/Users/hs150/SynologyDrive/Robotics/AdvX2026/nightshift-t5/.build/lib/libtuyaos.a),C:/Users/hs150/SynologyDrive/Robotics/AdvX2026/nightshift-t5/.build/lib/libtuyaos.a
12,0,12,12,0,0,0,12,`c,lv_os_none.c.obj (ex C:/Users/hs150/SynologyDrive/Robotics/AdvX2026/nightshift-t5/.build/lib/libtuyaos.a),C:/Users/hs150/SynologyDrive/Robotics/AdvX2026/nightshift-t5/.build/lib/libtuyaos.a
2944,0,2944,2944,0,0,0,2944,`b80,lv_sprintf_builtin.c.obj (ex C:/Users/hs150/SynologyDrive/Robotics/AdvX2026/nightshift-t5/.build/lib/libtuyaos.a),C:/Users/hs150/SynologyDrive/Robotics/AdvX2026/nightshift-t5/.build/lib/libtuyaos.a
2272,0,2272,2272,0,0,0,2272,`8e0,lv_string_builtin.c.obj (ex C:/Users/hs150/SynologyDrive/Robotics/AdvX2026/nightshift-t5/.build/lib/libtuyaos.a),C:/Users/hs150/SynologyDrive/Robotics/AdvX2026/nightshift-t5/.build/lib/libtuyaos.a
128,0,128,128,0,0,0,128,`80,lv_mem.c.obj (ex C:/Users/hs150/SynologyDrive/Robotics/AdvX2026/nightshift-t5/.build/lib/libtuyaos.a),C:/Users/hs150/SynologyDrive/Robotics/AdvX2026/nightshift-t5/.build/lib/libtuyaos.a
13524,0,13524,13508,16,0,0,13524,`34d4,lv_theme_default.c.obj (ex C:/Users/hs150/SynologyDrive/Robotics/AdvX2026/nightshift-t5/.build/lib/libtuyaos.a),C:/Users/hs150/SynologyDrive/Robotics/AdvX2026/nightshift-t5/.build/lib/libtuyaos.a
328,0,328,328,0,0,0,328,`148,lv_theme.c.obj (ex C:/Users/hs150/SynologyDrive/Robotics/AdvX2026/nightshift-t5/.build/lib/libtuyaos.a),C:/Users/hs150/SynologyDrive/Robotics/AdvX2026/nightshift-t5/.build/lib/libtuyaos.a
92,0,92,92,0,0,0,92,`5c,lv_tick.c.obj (ex C:/Users/hs150/SynologyDrive/Robotics/AdvX2026/nightshift-t5/.build/lib/libtuyaos.a),C:/Users/hs150/SynologyDrive/Robotics/AdvX2026/nightshift-t5/.build/lib/libtuyaos.a
3524,0,3524,3484,40,0,0,3524,`dc4,lv_arc.c.obj (ex C:/Users/hs150/SynologyDrive/Robotics/AdvX2026/nightshift-t5/.build/lib/libtuyaos.a),C:/Users/hs150/SynologyDrive/Robotics/AdvX2026/nightshift-t5/.build/lib/libtuyaos.a
2500,0,2500,2460,40,0,0,2500,`9c4,lv_bar.c.obj (ex C:/Users/hs150/SynologyDrive/Robotics/AdvX2026/nightshift-t5/.build/lib/libtuyaos.a),C:/Users/hs150/SynologyDrive/Robotics/AdvX2026/nightshift-t5/.build/lib/libtuyaos.a
3232,0,3232,3232,0,0,0,3232,`ca0,lv_flex.c.obj (ex C:/Users/hs150/SynologyDrive/Robotics/AdvX2026/nightshift-t5/.build/lib/libtuyaos.a),C:/Users/hs150/SynologyDrive/Robotics/AdvX2026/nightshift-t5/.build/lib/libtuyaos.a
96,0,96,56,40,0,0,96,`60,lv_button.c.obj (ex C:/Users/hs150/SynologyDrive/Robotics/AdvX2026/nightshift-t5/.build/lib/libtuyaos.a),C:/Users/hs150/SynologyDrive/Robotics/AdvX2026/nightshift-t5/.build/lib/libtuyaos.a
4617,28,4589,4500,89,28,0,4617,`1209,lv_buttonmatrix.c.obj (ex C:/Users/hs150/SynologyDrive/Robotics/AdvX2026/nightshift-t5/.build/lib/libtuyaos.a),C:/Users/hs150/SynologyDrive/Robotics/AdvX2026/nightshift-t5/.build/lib/libtuyaos.a
3702,0,3702,3584,118,0,0,3702,`e76,lv_dropdown.c.obj (ex C:/Users/hs150/SynologyDrive/Robotics/AdvX2026/nightshift-t5/.build/lib/libtuyaos.a),C:/Users/hs150/SynologyDrive/Robotics/AdvX2026/nightshift-t5/.build/lib/libtuyaos.a
3160,0,3160,3020,140,0,0,3160,`c58,lv_roller.c.obj (ex C:/Users/hs150/SynologyDrive/Robotics/AdvX2026/nightshift-t5/.build/lib/libtuyaos.a),C:/Users/hs150/SynologyDrive/Robotics/AdvX2026/nightshift-t5/.build/lib/libtuyaos.a
779,0,779,736,43,0,0,779,`30b,lv_switch.c.obj (ex C:/Users/hs150/SynologyDrive/Robotics/AdvX2026/nightshift-t5/.build/lib/libtuyaos.a),C:/Users/hs150/SynologyDrive/Robotics/AdvX2026/nightshift-t5/.build/lib/libtuyaos.a
3138,0,3138,3096,42,0,0,3138,`c42,lv_table.c.obj (ex C:/Users/hs150/SynologyDrive/Robotics/AdvX2026/nightshift-t5/.build/lib/libtuyaos.a),C:/Users/hs150/SynologyDrive/Robotics/AdvX2026/nightshift-t5/.build/lib/libtuyaos.a
1585,0,1585,1476,109,0,0,1585,`631,lv_calendar.c.obj (ex C:/Users/hs150/SynologyDrive/Robotics/AdvX2026/nightshift-t5/.build/lib/libtuyaos.a),C:/Users/hs150/SynologyDrive/Robotics/AdvX2026/nightshift-t5/.build/lib/libtuyaos.a
688,0,688,460,228,0,0,688,`2b0,lv_calendar_header_arrow.c.obj (ex C:/Users/hs150/SynologyDrive/Robotics/AdvX2026/nightshift-t5/.build/lib/libtuyaos.a),C:/Users/hs150/SynologyDrive/Robotics/AdvX2026/nightshift-t5/.build/lib/libtuyaos.a
1153,0,1153,428,725,0,0,1153,`481,lv_calendar_header_dropdown.c.obj (ex C:/Users/hs150/SynologyDrive/Robotics/AdvX2026/nightshift-t5/.build/lib/libtuyaos.a),C:/Users/hs150/SynologyDrive/Robotics/AdvX2026/nightshift-t5/.build/lib/libtuyaos.a
4930,0,4930,4888,42,0,0,4930,`1342,lv_chart.c.obj (ex C:/Users/hs150/SynologyDrive/Robotics/AdvX2026/nightshift-t5/.build/lib/libtuyaos.a),C:/Users/hs150/SynologyDrive/Robotics/AdvX2026/nightshift-t5/.build/lib/libtuyaos.a
935,0,935,880,55,0,0,935,`3a7,lv_checkbox.c.obj (ex C:/Users/hs150/SynologyDrive/Robotics/AdvX2026/nightshift-t5/.build/lib/libtuyaos.a),C:/Users/hs150/SynologyDrive/Robotics/AdvX2026/nightshift-t5/.build/lib/libtuyaos.a
2385,80,2305,712,1593,80,0,2385,`951,lv_keyboard.c.obj (ex C:/Users/hs150/SynologyDrive/Robotics/AdvX2026/nightshift-t5/.build/lib/libtuyaos.a),C:/Users/hs150/SynologyDrive/Robotics/AdvX2026/nightshift-t5/.build/lib/libtuyaos.a
4999,0,4999,4952,47,0,0,4999,`1387,lv_label.c.obj (ex C:/Users/hs150/SynologyDrive/Robotics/AdvX2026/nightshift-t5/.build/lib/libtuyaos.a),C:/Users/hs150/SynologyDrive/Robotics/AdvX2026/nightshift-t5/.build/lib/libtuyaos.a
1132,0,1132,1092,40,0,0,1132,`46c,lv_led.c.obj (ex C:/Users/hs150/SynologyDrive/Robotics/AdvX2026/nightshift-t5/.build/lib/libtuyaos.a),C:/Users/hs150/SynologyDrive/Robotics/AdvX2026/nightshift-t5/.build/lib/libtuyaos.a
721,0,721,680,41,0,0,721,`2d1,lv_line.c.obj (ex C:/Users/hs150/SynologyDrive/Robotics/AdvX2026/nightshift-t5/.build/lib/libtuyaos.a),C:/Users/hs150/SynologyDrive/Robotics/AdvX2026/nightshift-t5/.build/lib/libtuyaos.a
1437,0,1437,1048,389,0,0,1437,`59d,lv_menu.c.obj (ex C:/Users/hs150/SynologyDrive/Robotics/AdvX2026/nightshift-t5/.build/lib/libtuyaos.a),C:/Users/hs150/SynologyDrive/Robotics/AdvX2026/nightshift-t5/.build/lib/libtuyaos.a
4750,0,4750,4704,46,0,0,4750,`128e,lv_scale.c.obj (ex C:/Users/hs150/SynologyDrive/Robotics/AdvX2026/nightshift-t5/.build/lib/libtuyaos.a),C:/Users/hs150/SynologyDrive/Robotics/AdvX2026/nightshift-t5/.build/lib/libtuyaos.a
2455,0,2455,2412,43,0,0,2455,`997,lv_slider.c.obj (ex C:/Users/hs150/SynologyDrive/Robotics/AdvX2026/nightshift-t5/.build/lib/libtuyaos.a),C:/Users/hs150/SynologyDrive/Robotics/AdvX2026/nightshift-t5/.build/lib/libtuyaos.a
28,0,28,28,0,0,0,28,`1c,lv_span.c.obj (ex C:/Users/hs150/SynologyDrive/Robotics/AdvX2026/nightshift-t5/.build/lib/libtuyaos.a),C:/Users/hs150/SynologyDrive/Robotics/AdvX2026/nightshift-t5/.build/lib/libtuyaos.a
2232,0,2232,2184,48,0,0,2232,`8b8,lv_spinbox.c.obj (ex C:/Users/hs150/SynologyDrive/Robotics/AdvX2026/nightshift-t5/.build/lib/libtuyaos.a),C:/Users/hs150/SynologyDrive/Robotics/AdvX2026/nightshift-t5/.build/lib/libtuyaos.a
208,0,208,164,44,0,0,208,`d0,lv_spinner.c.obj (ex C:/Users/hs150/SynologyDrive/Robotics/AdvX2026/nightshift-t5/.build/lib/libtuyaos.a),C:/Users/hs150/SynologyDrive/Robotics/AdvX2026/nightshift-t5/.build/lib/libtuyaos.a
952,0,952,908,44,0,0,952,`3b8,lv_tabview.c.obj (ex C:/Users/hs150/SynologyDrive/Robotics/AdvX2026/nightshift-t5/.build/lib/libtuyaos.a),C:/Users/hs150/SynologyDrive/Robotics/AdvX2026/nightshift-t5/.build/lib/libtuyaos.a
4794,4,4794,4740,54,0,4,4798,`12be,lv_textarea.c.obj (ex C:/Users/hs150/SynologyDrive/Robotics/AdvX2026/nightshift-t5/.build/lib/libtuyaos.a),C:/Users/hs150/SynologyDrive/Robotics/AdvX2026/nightshift-t5/.build/lib/libtuyaos.a
369,0,369,280,89,0,0,369,`171,lv_tileview.c.obj (ex C:/Users/hs150/SynologyDrive/Robotics/AdvX2026/nightshift-t5/.build/lib/libtuyaos.a),C:/Users/hs150/SynologyDrive/Robotics/AdvX2026/nightshift-t5/.build/lib/libtuyaos.a
172,0,172,132,40,0,0,172,`ac,lv_win.c.obj (ex C:/Users/hs150/SynologyDrive/Robotics/AdvX2026/nightshift-t5/.build/lib/libtuyaos.a),C:/Users/hs150/SynologyDrive/Robotics/AdvX2026/nightshift-t5/.build/lib/libtuyaos.a
12,0,12,12,0,0,0,12,`c,lv_port_mem.c.obj (ex C:/Users/hs150/SynologyDrive/Robotics/AdvX2026/nightshift-t5/.build/lib/libtuyaos.a),C:/Users/hs150/SynologyDrive/Robotics/AdvX2026/nightshift-t5/.build/lib/libtuyaos.a
690,14,690,452,238,0,14,704,`2c0,lv_vendor.c.obj (ex C:/Users/hs150/SynologyDrive/Robotics/AdvX2026/nightshift-t5/.build/lib/libtuyaos.a),C:/Users/hs150/SynologyDrive/Robotics/AdvX2026/nightshift-t5/.build/lib/libtuyaos.a
1238,8,1230,990,240,8,0,1238,`4d6,tdl_display_manage.c.obj (ex C:/Users/hs150/SynologyDrive/Robotics/AdvX2026/nightshift-t5/.build/lib/libtuyaos.a),C:/Users/hs150/SynologyDrive/Robotics/AdvX2026/nightshift-t5/.build/lib/libtuyaos.a
773,8,773,600,173,0,8,781,`30d,tal_uart.c.obj (ex C:/Users/hs150/SynologyDrive/Robotics/AdvX2026/nightshift-t5/.build/lib/libtuyaos.a),C:/Users/hs150/SynologyDrive/Robotics/AdvX2026/nightshift-t5/.build/lib/libtuyaos.a
44,0,44,44,0,0,0,44,`2c,tal_api.c.obj (ex C:/Users/hs150/SynologyDrive/Robotics/AdvX2026/nightshift-t5/.build/lib/libtuyaos.a),C:/Users/hs150/SynologyDrive/Robotics/AdvX2026/nightshift-t5/.build/lib/libtuyaos.a
1689,28,1665,1464,201,24,4,1693,`69d,tal_log.c.obj (ex C:/Users/hs150/SynologyDrive/Robotics/AdvX2026/nightshift-t5/.build/lib/libtuyaos.a),C:/Users/hs150/SynologyDrive/Robotics/AdvX2026/nightshift-t5/.build/lib/libtuyaos.a
334,8,334,172,162,0,8,342,`156,tal_system.c.obj (ex C:/Users/hs150/SynologyDrive/Robotics/AdvX2026/nightshift-t5/.build/lib/libtuyaos.a),C:/Users/hs150/SynologyDrive/Robotics/AdvX2026/nightshift-t5/.build/lib/libtuyaos.a
1807,16,1807,1164,643,0,16,1823,`71f,tal_thread.c.obj (ex C:/Users/hs150/SynologyDrive/Robotics/AdvX2026/nightshift-t5/.build/lib/libtuyaos.a),C:/Users/hs150/SynologyDrive/Robotics/AdvX2026/nightshift-t5/.build/lib/libtuyaos.a
842,72,842,690,152,0,72,914,`392,tal_time_serivce.c.obj (ex C:/Users/hs150/SynologyDrive/Robotics/AdvX2026/nightshift-t5/.build/lib/libtuyaos.a),C:/Users/hs150/SynologyDrive/Robotics/AdvX2026/nightshift-t5/.build/lib/libtuyaos.a
353,0,353,220,133,0,0,353,`161,tuya_t5ai_board.c.obj (ex C:/Users/hs150/SynologyDrive/Robotics/AdvX2026/nightshift-t5/.build/lib/libtuyaos.a),C:/Users/hs150/SynologyDrive/Robotics/AdvX2026/nightshift-t5/.build/lib/libtuyaos.a
317,0,317,180,137,0,0,317,`13d,tuya_t5ai_ex_module.c.obj (ex C:/Users/hs150/SynologyDrive/Robotics/AdvX2026/nightshift-t5/.build/lib/libtuyaos.a),C:/Users/hs150/SynologyDrive/Robotics/AdvX2026/nightshift-t5/.build/lib/libtuyaos.a
1648,0,1648,1648,0,0,0,1648,`670,lv_group.c.obj (ex C:/Users/hs150/SynologyDrive/Robotics/AdvX2026/nightshift-t5/.build/lib/libtuyaos.a),C:/Users/hs150/SynologyDrive/Robotics/AdvX2026/nightshift-t5/.build/lib/libtuyaos.a
1240,0,1240,1240,0,0,0,1240,`4d8,lv_draw_arc.c.obj (ex C:/Users/hs150/SynologyDrive/Robotics/AdvX2026/nightshift-t5/.build/lib/libtuyaos.a),C:/Users/hs150/SynologyDrive/Robotics/AdvX2026/nightshift-t5/.build/lib/libtuyaos.a
152,0,152,152,0,0,0,152,`98,lv_draw_line.c.obj (ex C:/Users/hs150/SynologyDrive/Robotics/AdvX2026/nightshift-t5/.build/lib/libtuyaos.a),C:/Users/hs150/SynologyDrive/Robotics/AdvX2026/nightshift-t5/.build/lib/libtuyaos.a
1564,0,1564,1564,0,0,0,1564,`61c,lv_draw_sw.c.obj (ex C:/Users/hs150/SynologyDrive/Robotics/AdvX2026/nightshift-t5/.build/lib/libtuyaos.a),C:/Users/hs150/SynologyDrive/Robotics/AdvX2026/nightshift-t5/.build/lib/libtuyaos.a
1292,0,1292,1292,0,0,0,1292,`50c,lv_draw_sw_arc.c.obj (ex C:/Users/hs150/SynologyDrive/Robotics/AdvX2026/nightshift-t5/.build/lib/libtuyaos.a),C:/Users/hs150/SynologyDrive/Robotics/AdvX2026/nightshift-t5/.build/lib/libtuyaos.a
1616,0,1616,1616,0,0,0,1616,`650,lv_draw_sw_border.c.obj (ex C:/Users/hs150/SynologyDrive/Robotics/AdvX2026/nightshift-t5/.build/lib/libtuyaos.a),C:/Users/hs150/SynologyDrive/Robotics/AdvX2026/nightshift-t5/.build/lib/libtuyaos.a
4036,0,4036,4036,0,0,0,4036,`fc4,lv_draw_sw_box_shadow.c.obj (ex C:/Users/hs150/SynologyDrive/Robotics/AdvX2026/nightshift-t5/.build/lib/libtuyaos.a),C:/Users/hs150/SynologyDrive/Robotics/AdvX2026/nightshift-t5/.build/lib/libtuyaos.a
1228,0,1228,1228,0,0,0,1228,`4cc,lv_draw_sw_fill.c.obj (ex C:/Users/hs150/SynologyDrive/Robotics/AdvX2026/nightshift-t5/.build/lib/libtuyaos.a),C:/Users/hs150/SynologyDrive/Robotics/AdvX2026/nightshift-t5/.build/lib/libtuyaos.a
360,0,360,360,0,0,0,360,`168,lv_draw_sw_gradient.c.obj (ex C:/Users/hs150/SynologyDrive/Robotics/AdvX2026/nightshift-t5/.build/lib/libtuyaos.a),C:/Users/hs150/SynologyDrive/Robotics/AdvX2026/nightshift-t5/.build/lib/libtuyaos.a
1772,0,1772,1772,0,0,0,1772,`6ec,lv_draw_sw_img.c.obj (ex C:/Users/hs150/SynologyDrive/Robotics/AdvX2026/nightshift-t5/.build/lib/libtuyaos.a),C:/Users/hs150/SynologyDrive/Robotics/AdvX2026/nightshift-t5/.build/lib/libtuyaos.a
252,0,252,252,0,0,0,252,`fc,lv_draw_sw_letter.c.obj (ex C:/Users/hs150/SynologyDrive/Robotics/AdvX2026/nightshift-t5/.build/lib/libtuyaos.a),C:/Users/hs150/SynologyDrive/Robotics/AdvX2026/nightshift-t5/.build/lib/libtuyaos.a
1677,0,1677,1644,33,0,0,1677,`68d,lv_draw_sw_line.c.obj (ex C:/Users/hs150/SynologyDrive/Robotics/AdvX2026/nightshift-t5/.build/lib/libtuyaos.a),C:/Users/hs150/SynologyDrive/Robotics/AdvX2026/nightshift-t5/.build/lib/libtuyaos.a
396,0,396,396,0,0,0,396,`18c,lv_draw_sw_mask_rect.c.obj (ex C:/Users/hs150/SynologyDrive/Robotics/AdvX2026/nightshift-t5/.build/lib/libtuyaos.a),C:/Users/hs150/SynologyDrive/Robotics/AdvX2026/nightshift-t5/.build/lib/libtuyaos.a
3856,0,3856,3856,0,0,0,3856,`f10,lv_draw_sw_transform.c.obj (ex C:/Users/hs150/SynologyDrive/Robotics/AdvX2026/nightshift-t5/.build/lib/libtuyaos.a),C:/Users/hs150/SynologyDrive/Robotics/AdvX2026/nightshift-t5/.build/lib/libtuyaos.a
936,0,936,936,0,0,0,936,`3a8,lv_draw_sw_triangle.c.obj (ex C:/Users/hs150/SynologyDrive/Robotics/AdvX2026/nightshift-t5/.build/lib/libtuyaos.a),C:/Users/hs150/SynologyDrive/Robotics/AdvX2026/nightshift-t5/.build/lib/libtuyaos.a
3236,0,3236,3196,40,0,0,3236,`ca4,lv_font_fmt_txt.c.obj (ex C:/Users/hs150/SynologyDrive/Robotics/AdvX2026/nightshift-t5/.build/lib/libtuyaos.a),C:/Users/hs150/SynologyDrive/Robotics/AdvX2026/nightshift-t5/.build/lib/libtuyaos.a
3556,0,3556,3556,0,0,0,3556,`de4,lv_grid.c.obj (ex C:/Users/hs150/SynologyDrive/Robotics/AdvX2026/nightshift-t5/.build/lib/libtuyaos.a),C:/Users/hs150/SynologyDrive/Robotics/AdvX2026/nightshift-t5/.build/lib/libtuyaos.a
2072,0,2072,2068,4,0,0,2072,`818,lv_bin_decoder.c.obj (ex C:/Users/hs150/SynologyDrive/Robotics/AdvX2026/nightshift-t5/.build/lib/libtuyaos.a),C:/Users/hs150/SynologyDrive/Robotics/AdvX2026/nightshift-t5/.build/lib/libtuyaos.a
80,0,80,80,0,0,0,80,`50,lv_cache.c.obj (ex C:/Users/hs150/SynologyDrive/Robotics/AdvX2026/nightshift-t5/.build/lib/libtuyaos.a),C:/Users/hs150/SynologyDrive/Robotics/AdvX2026/nightshift-t5/.build/lib/libtuyaos.a
60,0,60,60,0,0,0,60,`3c,lv_cache_entry.c.obj (ex C:/Users/hs150/SynologyDrive/Robotics/AdvX2026/nightshift-t5/.build/lib/libtuyaos.a),C:/Users/hs150/SynologyDrive/Robotics/AdvX2026/nightshift-t5/.build/lib/libtuyaos.a
152,0,152,152,0,0,0,152,`98,lv_array.c.obj (ex C:/Users/hs150/SynologyDrive/Robotics/AdvX2026/nightshift-t5/.build/lib/libtuyaos.a),C:/Users/hs150/SynologyDrive/Robotics/AdvX2026/nightshift-t5/.build/lib/libtuyaos.a
700,0,700,700,0,0,0,700,`2bc,lv_style_gen.c.obj (ex C:/Users/hs150/SynologyDrive/Robotics/AdvX2026/nightshift-t5/.build/lib/libtuyaos.a),C:/Users/hs150/SynologyDrive/Robotics/AdvX2026/nightshift-t5/.build/lib/libtuyaos.a
76,0,76,76,0,0,0,76,`4c,lv_utils.c.obj (ex C:/Users/hs150/SynologyDrive/Robotics/AdvX2026/nightshift-t5/.build/lib/libtuyaos.a),C:/Users/hs150/SynologyDrive/Robotics/AdvX2026/nightshift-t5/.build/lib/libtuyaos.a
3190,0,3190,3148,42,0,0,3190,`c76,lv_image.c.obj (ex C:/Users/hs150/SynologyDrive/Robotics/AdvX2026/nightshift-t5/.build/lib/libtuyaos.a),C:/Users/hs150/SynologyDrive/Robotics/AdvX2026/nightshift-t5/.build/lib/libtuyaos.a
1290,8,1282,956,326,8,0,1290,`50a,lv_port_disp.c.obj (ex C:/Users/hs150/SynologyDrive/Robotics/AdvX2026/nightshift-t5/.build/lib/libtuyaos.a),C:/Users/hs150/SynologyDrive/Robotics/AdvX2026/nightshift-t5/.build/lib/libtuyaos.a
1429,4,1429,1212,217,0,4,1433,`599,lv_port_disp_full_frame.c.obj (ex C:/Users/hs150/SynologyDrive/Robotics/AdvX2026/nightshift-t5/.build/lib/libtuyaos.a),C:/Users/hs150/SynologyDrive/Robotics/AdvX2026/nightshift-t5/.build/lib/libtuyaos.a
512,8,504,324,180,8,0,512,`200,lv_port_indev.c.obj (ex C:/Users/hs150/SynologyDrive/Robotics/AdvX2026/nightshift-t5/.build/lib/libtuyaos.a),C:/Users/hs150/SynologyDrive/Robotics/AdvX2026/nightshift-t5/.build/lib/libtuyaos.a
929,4,929,764,165,0,4,933,`3a5,tdd_audio.c.obj (ex C:/Users/hs150/SynologyDrive/Robotics/AdvX2026/nightshift-t5/.build/lib/libtuyaos.a),C:/Users/hs150/SynologyDrive/Robotics/AdvX2026/nightshift-t5/.build/lib/libtuyaos.a
1250,0,1250,924,326,0,0,1250,`4e2,tdl_display_fb_manage.c.obj (ex C:/Users/hs150/SynologyDrive/Robotics/AdvX2026/nightshift-t5/.build/lib/libtuyaos.a),C:/Users/hs150/SynologyDrive/Robotics/AdvX2026/nightshift-t5/.build/lib/libtuyaos.a
21,0,21,16,5,0,0,21,`15,tdl_display_format.c.obj (ex C:/Users/hs150/SynologyDrive/Robotics/AdvX2026/nightshift-t5/.build/lib/libtuyaos.a),C:/Users/hs150/SynologyDrive/Robotics/AdvX2026/nightshift-t5/.build/lib/libtuyaos.a
480,69,416,176,240,64,5,485,`1e5,tdd_disp_rgb_ili9488.c.obj (ex C:/Users/hs150/SynologyDrive/Robotics/AdvX2026/nightshift-t5/.build/lib/libtuyaos.a),C:/Users/hs150/SynologyDrive/Robotics/AdvX2026/nightshift-t5/.build/lib/libtuyaos.a
670,6,670,512,158,0,6,676,`2a4,tdd_disp_sw_spi.c.obj (ex C:/Users/hs150/SynologyDrive/Robotics/AdvX2026/nightshift-t5/.build/lib/libtuyaos.a),C:/Users/hs150/SynologyDrive/Robotics/AdvX2026/nightshift-t5/.build/lib/libtuyaos.a
1141,32,1141,910,231,0,32,1173,`495,tdd_display_rgb.c.obj (ex C:/Users/hs150/SynologyDrive/Robotics/AdvX2026/nightshift-t5/.build/lib/libtuyaos.a),C:/Users/hs150/SynologyDrive/Robotics/AdvX2026/nightshift-t5/.build/lib/libtuyaos.a
660,8,652,516,136,8,0,660,`294,tdl_tp_manage.c.obj (ex C:/Users/hs150/SynologyDrive/Robotics/AdvX2026/nightshift-t5/.build/lib/libtuyaos.a),C:/Users/hs150/SynologyDrive/Robotics/AdvX2026/nightshift-t5/.build/lib/libtuyaos.a
669,8,669,532,137,0,8,677,`2a5,tdd_tp_gt1151.c.obj (ex C:/Users/hs150/SynologyDrive/Robotics/AdvX2026/nightshift-t5/.build/lib/libtuyaos.a),C:/Users/hs150/SynologyDrive/Robotics/AdvX2026/nightshift-t5/.build/lib/libtuyaos.a
447,0,447,314,133,0,0,447,`1bf,tdd_tp_i2c.c.obj (ex C:/Users/hs150/SynologyDrive/Robotics/AdvX2026/nightshift-t5/.build/lib/libtuyaos.a),C:/Users/hs150/SynologyDrive/Robotics/AdvX2026/nightshift-t5/.build/lib/libtuyaos.a
845,0,845,522,323,0,0,845,`34d,tdd_button_gpio.c.obj (ex C:/Users/hs150/SynologyDrive/Robotics/AdvX2026/nightshift-t5/.build/lib/libtuyaos.a),C:/Users/hs150/SynologyDrive/Robotics/AdvX2026/nightshift-t5/.build/lib/libtuyaos.a
1012,20,1012,782,230,0,20,1032,`408,tal_dma2d.c.obj (ex C:/Users/hs150/SynologyDrive/Robotics/AdvX2026/nightshift-t5/.build/lib/libtuyaos.a),C:/Users/hs150/SynologyDrive/Robotics/AdvX2026/nightshift-t5/.build/lib/libtuyaos.a
492,0,492,492,0,0,0,492,`1ec,lv_draw_sw_blend.c.obj (ex C:/Users/hs150/SynologyDrive/Robotics/AdvX2026/nightshift-t5/.build/lib/libtuyaos.a),C:/Users/hs150/SynologyDrive/Robotics/AdvX2026/nightshift-t5/.build/lib/libtuyaos.a
8968,0,8968,8968,0,0,0,8968,`2308,lv_draw_sw_blend_to_argb8888.c.obj (ex C:/Users/hs150/SynologyDrive/Robotics/AdvX2026/nightshift-t5/.build/lib/libtuyaos.a),C:/Users/hs150/SynologyDrive/Robotics/AdvX2026/nightshift-t5/.build/lib/libtuyaos.a
4876,0,4876,4876,0,0,0,4876,`130c,lv_draw_sw_blend_to_rgb565.c.obj (ex C:/Users/hs150/SynologyDrive/Robotics/AdvX2026/nightshift-t5/.build/lib/libtuyaos.a),C:/Users/hs150/SynologyDrive/Robotics/AdvX2026/nightshift-t5/.build/lib/libtuyaos.a
4832,0,4832,4832,0,0,0,4832,`12e0,lv_draw_sw_blend_to_rgb888.c.obj (ex C:/Users/hs150/SynologyDrive/Robotics/AdvX2026/nightshift-t5/.build/lib/libtuyaos.a),C:/Users/hs150/SynologyDrive/Robotics/AdvX2026/nightshift-t5/.build/lib/libtuyaos.a
494,8,494,276,218,0,8,502,`1f6,tdl_audio_manage.c.obj (ex C:/Users/hs150/SynologyDrive/Robotics/AdvX2026/nightshift-t5/.build/lib/libtuyaos.a),C:/Users/hs150/SynologyDrive/Robotics/AdvX2026/nightshift-t5/.build/lib/libtuyaos.a
850,21,834,448,386,16,5,855,`357,tdl_button_manage.c.obj (ex C:/Users/hs150/SynologyDrive/Robotics/AdvX2026/nightshift-t5/.build/lib/libtuyaos.a),C:/Users/hs150/SynologyDrive/Robotics/AdvX2026/nightshift-t5/.build/lib/libtuyaos.a
137,0,137,0,137,0,0,137,`89,lv_list.c.obj (ex C:/Users/hs150/SynologyDrive/Robotics/AdvX2026/nightshift-t5/.build/lib/libtuyaos.a),C:/Users/hs150/SynologyDrive/Robotics/AdvX2026/nightshift-t5/.build/lib/libtuyaos.a
335,0,335,0,335,0,0,335,`14f,lv_msgbox.c.obj (ex C:/Users/hs150/SynologyDrive/Robotics/AdvX2026/nightshift-t5/.build/lib/libtuyaos.a),C:/Users/hs150/SynologyDrive/Robotics/AdvX2026/nightshift-t5/.build/lib/libtuyaos.a
12740,0,12740,0,12740,0,0,12740,`31c4,lv_font_montserrat_12.c.obj (ex C:/Users/hs150/SynologyDrive/Robotics/AdvX2026/nightshift-t5/.build/lib/libtuyaos.a),C:/Users/hs150/SynologyDrive/Robotics/AdvX2026/nightshift-t5/.build/lib/libtuyaos.a
14901,0,14901,0,14901,0,0,14901,`3a35,lv_font_montserrat_14.c.obj (ex C:/Users/hs150/SynologyDrive/Robotics/AdvX2026/nightshift-t5/.build/lib/libtuyaos.a),C:/Users/hs150/SynologyDrive/Robotics/AdvX2026/nightshift-t5/.build/lib/libtuyaos.a
17159,0,17159,0,17159,0,0,17159,`4307,lv_font_montserrat_16.c.obj (ex C:/Users/hs150/SynologyDrive/Robotics/AdvX2026/nightshift-t5/.build/lib/libtuyaos.a),C:/Users/hs150/SynologyDrive/Robotics/AdvX2026/nightshift-t5/.build/lib/libtuyaos.a
38553,0,38553,0,38553,0,0,38553,`9699,lv_font_montserrat_28.c.obj (ex C:/Users/hs150/SynologyDrive/Robotics/AdvX2026/nightshift-t5/.build/lib/libtuyaos.a),C:/Users/hs150/SynologyDrive/Robotics/AdvX2026/nightshift-t5/.build/lib/libtuyaos.a
317258,902,316986,222328,94658,272,630,317888,`4d9c0,C:/Users/hs150/SynologyDrive/Robotics/AdvX2026/nightshift-t5/.build/lib/libtuyaos.a,C:/Users/hs150/SynologyDrive/Robotics/AdvX2026/nightshift-t5/.build/lib/libtuyaos.a
910,17,910,626,284,0,17,927,`39f,rwble_hl.c.obj (ex C:/Users/hs150/SynologyDrive/Robotics/AdvX2026/TuyaOpen/platform/T5AI/t5_os/ap/components/bk_libs/bk7258_ap/libs/libbluetooth_host_ble_ap.a),C:/Users/hs150/SynologyDrive/Robotics/AdvX2026/TuyaOpen/platform/T5AI/t5_os/ap/components/bk_libs/bk7258_ap/libs/libbluetooth_host_ble_ap.a
32,4,28,28,0,4,0,32,`20,hci_driver.c.obj (ex C:/Users/hs150/SynologyDrive/Robotics/AdvX2026/TuyaOpen/platform/T5AI/t5_os/ap/components/bk_libs/bk7258_ap/libs/libbluetooth_host_ble_ap.a),C:/Users/hs150/SynologyDrive/Robotics/AdvX2026/TuyaOpen/platform/T5AI/t5_os/ap/components/bk_libs/bk7258_ap/libs/libbluetooth_host_ble_ap.a
179,0,179,162,17,0,0,179,`b3,kernel_msg.c.obj (ex C:/Users/hs150/SynologyDrive/Robotics/AdvX2026/TuyaOpen/platform/T5AI/t5_os/ap/components/bk_libs/bk7258_ap/libs/libbluetooth_host_ble_ap.a),C:/Users/hs150/SynologyDrive/Robotics/AdvX2026/TuyaOpen/platform/T5AI/t5_os/ap/components/bk_libs/bk7258_ap/libs/libbluetooth_host_ble_ap.a
440,12,440,318,122,0,12,452,`1c4,timer.c.obj (ex C:/Users/hs150/SynologyDrive/Robotics/AdvX2026/TuyaOpen/platform/T5AI/t5_os/ap/components/bk_libs/bk7258_ap/libs/libbluetooth_host_ble_ap.a),C:/Users/hs150/SynologyDrive/Robotics/AdvX2026/TuyaOpen/platform/T5AI/t5_os/ap/components/bk_libs/bk7258_ap/libs/libbluetooth_host_ble_ap.a
438,8,438,320,118,0,8,446,`1be,bluetooth_osi_wrapper.c.obj (ex C:/Users/hs150/SynologyDrive/Robotics/AdvX2026/TuyaOpen/platform/T5AI/t5_os/ap/components/bk_libs/bk7258_ap/libs/libbluetooth_host_ble_ap.a),C:/Users/hs150/SynologyDrive/Robotics/AdvX2026/TuyaOpen/platform/T5AI/t5_os/ap/components/bk_libs/bk7258_ap/libs/libbluetooth_host_ble_ap.a
371,0,371,280,91,0,0,371,`173,common_list.c.obj (ex C:/Users/hs150/SynologyDrive/Robotics/AdvX2026/TuyaOpen/platform/T5AI/t5_os/ap/components/bk_libs/bk7258_ap/libs/libbluetooth_host_ble_ap.a),C:/Users/hs150/SynologyDrive/Robotics/AdvX2026/TuyaOpen/platform/T5AI/t5_os/ap/components/bk_libs/bk7258_ap/libs/libbluetooth_host_ble_ap.a
241,27,241,196,45,0,27,268,`10c,hci.c.obj (ex C:/Users/hs150/SynologyDrive/Robotics/AdvX2026/TuyaOpen/platform/T5AI/t5_os/ap/components/bk_libs/bk7258_ap/libs/libbluetooth_host_ble_ap.a),C:/Users/hs150/SynologyDrive/Robotics/AdvX2026/TuyaOpen/platform/T5AI/t5_os/ap/components/bk_libs/bk7258_ap/libs/libbluetooth_host_ble_ap.a
1645,24,1645,1564,81,0,24,1669,`685,hci_tl.c.obj (ex C:/Users/hs150/SynologyDrive/Robotics/AdvX2026/TuyaOpen/platform/T5AI/t5_os/ap/components/bk_libs/bk7258_ap/libs/libbluetooth_host_ble_ap.a),C:/Users/hs150/SynologyDrive/Robotics/AdvX2026/TuyaOpen/platform/T5AI/t5_os/ap/components/bk_libs/bk7258_ap/libs/libbluetooth_host_ble_ap.a
862,48,862,800,62,0,48,910,`38e,h4tl.c.obj (ex C:/Users/hs150/SynologyDrive/Robotics/AdvX2026/TuyaOpen/platform/T5AI/t5_os/ap/components/bk_libs/bk7258_ap/libs/libbluetooth_host_ble_ap.a),C:/Users/hs150/SynologyDrive/Robotics/AdvX2026/TuyaOpen/platform/T5AI/t5_os/ap/components/bk_libs/bk7258_ap/libs/libbluetooth_host_ble_ap.a
339,4,339,220,119,0,4,343,`157,uart_host_only.c.obj (ex C:/Users/hs150/SynologyDrive/Robotics/AdvX2026/TuyaOpen/platform/T5AI/t5_os/ap/components/bk_libs/bk7258_ap/libs/libbluetooth_host_ble_ap.a),C:/Users/hs150/SynologyDrive/Robotics/AdvX2026/TuyaOpen/platform/T5AI/t5_os/ap/components/bk_libs/bk7258_ap/libs/libbluetooth_host_ble_ap.a
238,12661,238,238,0,0,12661,12899,`3263,rwip.c.obj (ex C:/Users/hs150/SynologyDrive/Robotics/AdvX2026/TuyaOpen/platform/T5AI/t5_os/ap/components/bk_libs/bk7258_ap/libs/libbluetooth_host_ble_ap.a),C:/Users/hs150/SynologyDrive/Robotics/AdvX2026/TuyaOpen/platform/T5AI/t5_os/ap/components/bk_libs/bk7258_ap/libs/libbluetooth_host_ble_ap.a
152,28,152,152,0,0,28,180,`b4,rwip_driver.c.obj (ex C:/Users/hs150/SynologyDrive/Robotics/AdvX2026/TuyaOpen/platform/T5AI/t5_os/ap/components/bk_libs/bk7258_ap/libs/libbluetooth_host_ble_ap.a),C:/Users/hs150/SynologyDrive/Robotics/AdvX2026/TuyaOpen/platform/T5AI/t5_os/ap/components/bk_libs/bk7258_ap/libs/libbluetooth_host_ble_ap.a
2792,2308,2792,2380,412,0,2308,5100,`13ec,app_ble.c.obj (ex C:/Users/hs150/SynologyDrive/Robotics/AdvX2026/TuyaOpen/platform/T5AI/t5_os/ap/components/bk_libs/bk7258_ap/libs/libbluetooth_host_ble_ap.a),C:/Users/hs150/SynologyDrive/Robotics/AdvX2026/TuyaOpen/platform/T5AI/t5_os/ap/components/bk_libs/bk7258_ap/libs/libbluetooth_host_ble_ap.a
9643,19,9643,7198,2445,0,19,9662,`25be,app_task.c.obj (ex C:/Users/hs150/SynologyDrive/Robotics/AdvX2026/TuyaOpen/platform/T5AI/t5_os/ap/components/bk_libs/bk7258_ap/libs/libbluetooth_host_ble_ap.a),C:/Users/hs150/SynologyDrive/Robotics/AdvX2026/TuyaOpen/platform/T5AI/t5_os/ap/components/bk_libs/bk7258_ap/libs/libbluetooth_host_ble_ap.a
3378,8,3378,2954,424,0,8,3386,`d3a,gapc_task.c.obj (ex C:/Users/hs150/SynologyDrive/Robotics/AdvX2026/TuyaOpen/platform/T5AI/t5_os/ap/components/bk_libs/bk7258_ap/libs/libbluetooth_host_ble_ap.a),C:/Users/hs150/SynologyDrive/Robotics/AdvX2026/TuyaOpen/platform/T5AI/t5_os/ap/components/bk_libs/bk7258_ap/libs/libbluetooth_host_ble_ap.a
1201,0,1201,1158,43,0,0,1201,`4b1,gapm_init.c.obj (ex C:/Users/hs150/SynologyDrive/Robotics/AdvX2026/TuyaOpen/platform/T5AI/t5_os/ap/components/bk_libs/bk7258_ap/libs/libbluetooth_host_ble_ap.a),C:/Users/hs150/SynologyDrive/Robotics/AdvX2026/TuyaOpen/platform/T5AI/t5_os/ap/components/bk_libs/bk7258_ap/libs/libbluetooth_host_ble_ap.a
3103,8,3103,2736,367,0,8,3111,`c27,gattc_task.c.obj (ex C:/Users/hs150/SynologyDrive/Robotics/AdvX2026/TuyaOpen/platform/T5AI/t5_os/ap/components/bk_libs/bk7258_ap/libs/libbluetooth_host_ble_ap.a),C:/Users/hs150/SynologyDrive/Robotics/AdvX2026/TuyaOpen/platform/T5AI/t5_os/ap/components/bk_libs/bk7258_ap/libs/libbluetooth_host_ble_ap.a
1167,0,1167,1014,153,0,0,1167,`48f,gapm_addr.c.obj (ex C:/Users/hs150/SynologyDrive/Robotics/AdvX2026/TuyaOpen/platform/T5AI/t5_os/ap/components/bk_libs/bk7258_ap/libs/libbluetooth_host_ble_ap.a),C:/Users/hs150/SynologyDrive/Robotics/AdvX2026/TuyaOpen/platform/T5AI/t5_os/ap/components/bk_libs/bk7258_ap/libs/libbluetooth_host_ble_ap.a
373,23,373,262,111,0,23,396,`18c,app_ble_init.c.obj (ex C:/Users/hs150/SynologyDrive/Robotics/AdvX2026/TuyaOpen/platform/T5AI/t5_os/ap/components/bk_libs/bk7258_ap/libs/libbluetooth_host_ble_ap.a),C:/Users/hs150/SynologyDrive/Robotics/AdvX2026/TuyaOpen/platform/T5AI/t5_os/ap/components/bk_libs/bk7258_ap/libs/libbluetooth_host_ble_ap.a
500,20,500,500,0,0,20,520,`208,app_sdp.c.obj (ex C:/Users/hs150/SynologyDrive/Robotics/AdvX2026/TuyaOpen/platform/T5AI/t5_os/ap/components/bk_libs/bk7258_ap/libs/libbluetooth_host_ble_ap.a),C:/Users/hs150/SynologyDrive/Robotics/AdvX2026/TuyaOpen/platform/T5AI/t5_os/ap/components/bk_libs/bk7258_ap/libs/libbluetooth_host_ble_ap.a
706,864,706,706,0,0,864,1570,`622,prf.c.obj (ex C:/Users/hs150/SynologyDrive/Robotics/AdvX2026/TuyaOpen/platform/T5AI/t5_os/ap/components/bk_libs/bk7258_ap/libs/libbluetooth_host_ble_ap.a),C:/Users/hs150/SynologyDrive/Robotics/AdvX2026/TuyaOpen/platform/T5AI/t5_os/ap/components/bk_libs/bk7258_ap/libs/libbluetooth_host_ble_ap.a
369,0,369,276,93,0,0,369,`171,comm.c.obj (ex C:/Users/hs150/SynologyDrive/Robotics/AdvX2026/TuyaOpen/platform/T5AI/t5_os/ap/components/bk_libs/bk7258_ap/libs/libbluetooth_host_ble_ap.a),C:/Users/hs150/SynologyDrive/Robotics/AdvX2026/TuyaOpen/platform/T5AI/t5_os/ap/components/bk_libs/bk7258_ap/libs/libbluetooth_host_ble_ap.a
1094,0,1094,1030,64,0,0,1094,`446,comm_task.c.obj (ex C:/Users/hs150/SynologyDrive/Robotics/AdvX2026/TuyaOpen/platform/T5AI/t5_os/ap/components/bk_libs/bk7258_ap/libs/libbluetooth_host_ble_ap.a),C:/Users/hs150/SynologyDrive/Robotics/AdvX2026/TuyaOpen/platform/T5AI/t5_os/ap/components/bk_libs/bk7258_ap/libs/libbluetooth_host_ble_ap.a
2498,2032,2498,2150,348,0,2032,4530,`11b2,sdp_common.c.obj (ex C:/Users/hs150/SynologyDrive/Robotics/AdvX2026/TuyaOpen/platform/T5AI/t5_os/ap/components/bk_libs/bk7258_ap/libs/libbluetooth_host_ble_ap.a),C:/Users/hs150/SynologyDrive/Robotics/AdvX2026/TuyaOpen/platform/T5AI/t5_os/ap/components/bk_libs/bk7258_ap/libs/libbluetooth_host_ble_ap.a
1406,0,1406,928,478,0,0,1406,`57e,sdp_comm_task.c.obj (ex C:/Users/hs150/SynologyDrive/Robotics/AdvX2026/TuyaOpen/platform/T5AI/t5_os/ap/components/bk_libs/bk7258_ap/libs/libbluetooth_host_ble_ap.a),C:/Users/hs150/SynologyDrive/Robotics/AdvX2026/TuyaOpen/platform/T5AI/t5_os/ap/components/bk_libs/bk7258_ap/libs/libbluetooth_host_ble_ap.a
32,0,32,32,0,0,0,32,`20,ble_ui.c.obj (ex C:/Users/hs150/SynologyDrive/Robotics/AdvX2026/TuyaOpen/platform/T5AI/t5_os/ap/components/bk_libs/bk7258_ap/libs/libbluetooth_host_ble_ap.a),C:/Users/hs150/SynologyDrive/Robotics/AdvX2026/TuyaOpen/platform/T5AI/t5_os/ap/components/bk_libs/bk7258_ap/libs/libbluetooth_host_ble_ap.a
1822,32,1822,1706,116,0,32,1854,`73e,gapc.c.obj (ex C:/Users/hs150/SynologyDrive/Robotics/AdvX2026/TuyaOpen/platform/T5AI/t5_os/ap/components/bk_libs/bk7258_ap/libs/libbluetooth_host_ble_ap.a),C:/Users/hs150/SynologyDrive/Robotics/AdvX2026/TuyaOpen/platform/T5AI/t5_os/ap/components/bk_libs/bk7258_ap/libs/libbluetooth_host_ble_ap.a
13292,0,13292,11988,1304,0,0,13292,`33ec,gapc_smp.c.obj (ex C:/Users/hs150/SynologyDrive/Robotics/AdvX2026/TuyaOpen/platform/T5AI/t5_os/ap/components/bk_libs/bk7258_ap/libs/libbluetooth_host_ble_ap.a),C:/Users/hs150/SynologyDrive/Robotics/AdvX2026/TuyaOpen/platform/T5AI/t5_os/ap/components/bk_libs/bk7258_ap/libs/libbluetooth_host_ble_ap.a
2245,8,2245,2064,181,0,8,2253,`8cd,l2cc_task.c.obj (ex C:/Users/hs150/SynologyDrive/Robotics/AdvX2026/TuyaOpen/platform/T5AI/t5_os/ap/components/bk_libs/bk7258_ap/libs/libbluetooth_host_ble_ap.a),C:/Users/hs150/SynologyDrive/Robotics/AdvX2026/TuyaOpen/platform/T5AI/t5_os/ap/components/bk_libs/bk7258_ap/libs/libbluetooth_host_ble_ap.a
1504,120,1504,1212,292,0,120,1624,`658,gapm.c.obj (ex C:/Users/hs150/SynologyDrive/Robotics/AdvX2026/TuyaOpen/platform/T5AI/t5_os/ap/components/bk_libs/bk7258_ap/libs/libbluetooth_host_ble_ap.a),C:/Users/hs150/SynologyDrive/Robotics/AdvX2026/TuyaOpen/platform/T5AI/t5_os/ap/components/bk_libs/bk7258_ap/libs/libbluetooth_host_ble_ap.a
1634,0,1634,1438,196,0,0,1634,`662,gapm_actv.c.obj (ex C:/Users/hs150/SynologyDrive/Robotics/AdvX2026/TuyaOpen/platform/T5AI/t5_os/ap/components/bk_libs/bk7258_ap/libs/libbluetooth_host_ble_ap.a),C:/Users/hs150/SynologyDrive/Robotics/AdvX2026/TuyaOpen/platform/T5AI/t5_os/ap/components/bk_libs/bk7258_ap/libs/libbluetooth_host_ble_ap.a
2446,0,2446,2252,194,0,0,2446,`98e,gapm_adv.c.obj (ex C:/Users/hs150/SynologyDrive/Robotics/AdvX2026/TuyaOpen/platform/T5AI/t5_os/ap/components/bk_libs/bk7258_ap/libs/libbluetooth_host_ble_ap.a),C:/Users/hs150/SynologyDrive/Robotics/AdvX2026/TuyaOpen/platform/T5AI/t5_os/ap/components/bk_libs/bk7258_ap/libs/libbluetooth_host_ble_ap.a
1602,0,1602,1596,6,0,0,1602,`642,gapm_scan.c.obj (ex C:/Users/hs150/SynologyDrive/Robotics/AdvX2026/TuyaOpen/platform/T5AI/t5_os/ap/components/bk_libs/bk7258_ap/libs/libbluetooth_host_ble_ap.a),C:/Users/hs150/SynologyDrive/Robotics/AdvX2026/TuyaOpen/platform/T5AI/t5_os/ap/components/bk_libs/bk7258_ap/libs/libbluetooth_host_ble_ap.a
1277,0,1277,1198,79,0,0,1277,`4fd,gapm_smp.c.obj (ex C:/Users/hs150/SynologyDrive/Robotics/AdvX2026/TuyaOpen/platform/T5AI/t5_os/ap/components/bk_libs/bk7258_ap/libs/libbluetooth_host_ble_ap.a),C:/Users/hs150/SynologyDrive/Robotics/AdvX2026/TuyaOpen/platform/T5AI/t5_os/ap/components/bk_libs/bk7258_ap/libs/libbluetooth_host_ble_ap.a
1053,1,1053,242,811,0,1,1054,`41e,gapm_task.c.obj (ex C:/Users/hs150/SynologyDrive/Robotics/AdvX2026/TuyaOpen/platform/T5AI/t5_os/ap/components/bk_libs/bk7258_ap/libs/libbluetooth_host_ble_ap.a),C:/Users/hs150/SynologyDrive/Robotics/AdvX2026/TuyaOpen/platform/T5AI/t5_os/ap/components/bk_libs/bk7258_ap/libs/libbluetooth_host_ble_ap.a
1602,0,1602,1570,32,0,0,1602,`642,attm.c.obj (ex C:/Users/hs150/SynologyDrive/Robotics/AdvX2026/TuyaOpen/platform/T5AI/t5_os/ap/components/bk_libs/bk7258_ap/libs/libbluetooth_host_ble_ap.a),C:/Users/hs150/SynologyDrive/Robotics/AdvX2026/TuyaOpen/platform/T5AI/t5_os/ap/components/bk_libs/bk7258_ap/libs/libbluetooth_host_ble_ap.a
3048,0,3048,2986,62,0,0,3048,`be8,attm_db.c.obj (ex C:/Users/hs150/SynologyDrive/Robotics/AdvX2026/TuyaOpen/platform/T5AI/t5_os/ap/components/bk_libs/bk7258_ap/libs/libbluetooth_host_ble_ap.a),C:/Users/hs150/SynologyDrive/Robotics/AdvX2026/TuyaOpen/platform/T5AI/t5_os/ap/components/bk_libs/bk7258_ap/libs/libbluetooth_host_ble_ap.a
1664,32,1664,1536,128,0,32,1696,`6a0,gattc.c.obj (ex C:/Users/hs150/SynologyDrive/Robotics/AdvX2026/TuyaOpen/platform/T5AI/t5_os/ap/components/bk_libs/bk7258_ap/libs/libbluetooth_host_ble_ap.a),C:/Users/hs150/SynologyDrive/Robotics/AdvX2026/TuyaOpen/platform/T5AI/t5_os/ap/components/bk_libs/bk7258_ap/libs/libbluetooth_host_ble_ap.a
724,0,724,724,0,0,0,724,`2d4,gattc_svc.c.obj (ex C:/Users/hs150/SynologyDrive/Robotics/AdvX2026/TuyaOpen/platform/T5AI/t5_os/ap/components/bk_libs/bk7258_ap/libs/libbluetooth_host_ble_ap.a),C:/Users/hs150/SynologyDrive/Robotics/AdvX2026/TuyaOpen/platform/T5AI/t5_os/ap/components/bk_libs/bk7258_ap/libs/libbluetooth_host_ble_ap.a
322,56,322,194,128,0,56,378,`17a,gattm.c.obj (ex C:/Users/hs150/SynologyDrive/Robotics/AdvX2026/TuyaOpen/platform/T5AI/t5_os/ap/components/bk_libs/bk7258_ap/libs/libbluetooth_host_ble_ap.a),C:/Users/hs150/SynologyDrive/Robotics/AdvX2026/TuyaOpen/platform/T5AI/t5_os/ap/components/bk_libs/bk7258_ap/libs/libbluetooth_host_ble_ap.a
166,1,166,138,28,0,1,167,`a7,gattm_task.c.obj (ex C:/Users/hs150/SynologyDrive/Robotics/AdvX2026/TuyaOpen/platform/T5AI/t5_os/ap/components/bk_libs/bk7258_ap/libs/libbluetooth_host_ble_ap.a),C:/Users/hs150/SynologyDrive/Robotics/AdvX2026/TuyaOpen/platform/T5AI/t5_os/ap/components/bk_libs/bk7258_ap/libs/libbluetooth_host_ble_ap.a
234,12,234,234,0,0,12,246,`f6,l2cm.c.obj (ex C:/Users/hs150/SynologyDrive/Robotics/AdvX2026/TuyaOpen/platform/T5AI/t5_os/ap/components/bk_libs/bk7258_ap/libs/libbluetooth_host_ble_ap.a),C:/Users/hs150/SynologyDrive/Robotics/AdvX2026/TuyaOpen/platform/T5AI/t5_os/ap/components/bk_libs/bk7258_ap/libs/libbluetooth_host_ble_ap.a
96,48,96,96,0,0,48,144,`90,kernel.c.obj (ex C:/Users/hs150/SynologyDrive/Robotics/AdvX2026/TuyaOpen/platform/T5AI/t5_os/ap/components/bk_libs/bk7258_ap/libs/libbluetooth_host_ble_ap.a),C:/Users/hs150/SynologyDrive/Robotics/AdvX2026/TuyaOpen/platform/T5AI/t5_os/ap/components/bk_libs/bk7258_ap/libs/libbluetooth_host_ble_ap.a
332,36,332,248,84,0,36,368,`170,kernel_event.c.obj (ex C:/Users/hs150/SynologyDrive/Robotics/AdvX2026/TuyaOpen/platform/T5AI/t5_os/ap/components/bk_libs/bk7258_ap/libs/libbluetooth_host_ble_ap.a),C:/Users/hs150/SynologyDrive/Robotics/AdvX2026/TuyaOpen/platform/T5AI/t5_os/ap/components/bk_libs/bk7258_ap/libs/libbluetooth_host_ble_ap.a
990,0,990,904,86,0,0,990,`3de,kernel_mem.c.obj (ex C:/Users/hs150/SynologyDrive/Robotics/AdvX2026/TuyaOpen/platform/T5AI/t5_os/ap/components/bk_libs/bk7258_ap/libs/libbluetooth_host_ble_ap.a),C:/Users/hs150/SynologyDrive/Robotics/AdvX2026/TuyaOpen/platform/T5AI/t5_os/ap/components/bk_libs/bk7258_ap/libs/libbluetooth_host_ble_ap.a
870,168,870,750,120,0,168,1038,`40e,kernel_task.c.obj (ex C:/Users/hs150/SynologyDrive/Robotics/AdvX2026/TuyaOpen/platform/T5AI/t5_os/ap/components/bk_libs/bk7258_ap/libs/libbluetooth_host_ble_ap.a),C:/Users/hs150/SynologyDrive/Robotics/AdvX2026/TuyaOpen/platform/T5AI/t5_os/ap/components/bk_libs/bk7258_ap/libs/libbluetooth_host_ble_ap.a
247,0,247,230,17,0,0,247,`f7,kernel_timer.c.obj (ex C:/Users/hs150/SynologyDrive/Robotics/AdvX2026/TuyaOpen/platform/T5AI/t5_os/ap/components/bk_libs/bk7258_ap/libs/libbluetooth_host_ble_ap.a),C:/Users/hs150/SynologyDrive/Robotics/AdvX2026/TuyaOpen/platform/T5AI/t5_os/ap/components/bk_libs/bk7258_ap/libs/libbluetooth_host_ble_ap.a
288,24,288,260,28,0,24,312,`138,common_djob.c.obj (ex C:/Users/hs150/SynologyDrive/Robotics/AdvX2026/TuyaOpen/platform/T5AI/t5_os/ap/components/bk_libs/bk7258_ap/libs/libbluetooth_host_ble_ap.a),C:/Users/hs150/SynologyDrive/Robotics/AdvX2026/TuyaOpen/platform/T5AI/t5_os/ap/components/bk_libs/bk7258_ap/libs/libbluetooth_host_ble_ap.a
721,20,721,684,37,0,20,741,`2e5,common_time.c.obj (ex C:/Users/hs150/SynologyDrive/Robotics/AdvX2026/TuyaOpen/platform/T5AI/t5_os/ap/components/bk_libs/bk7258_ap/libs/libbluetooth_host_ble_ap.a),C:/Users/hs150/SynologyDrive/Robotics/AdvX2026/TuyaOpen/platform/T5AI/t5_os/ap/components/bk_libs/bk7258_ap/libs/libbluetooth_host_ble_ap.a
1283,6,1277,1218,59,6,0,1283,`503,common_utils.c.obj (ex C:/Users/hs150/SynologyDrive/Robotics/AdvX2026/TuyaOpen/platform/T5AI/t5_os/ap/components/bk_libs/bk7258_ap/libs/libbluetooth_host_ble_ap.a),C:/Users/hs150/SynologyDrive/Robotics/AdvX2026/TuyaOpen/platform/T5AI/t5_os/ap/components/bk_libs/bk7258_ap/libs/libbluetooth_host_ble_ap.a
380,12,380,380,0,0,12,392,`188,ble_aes.c.obj (ex C:/Users/hs150/SynologyDrive/Robotics/AdvX2026/TuyaOpen/platform/T5AI/t5_os/ap/components/bk_libs/bk7258_ap/libs/libbluetooth_host_ble_ap.a),C:/Users/hs150/SynologyDrive/Robotics/AdvX2026/TuyaOpen/platform/T5AI/t5_os/ap/components/bk_libs/bk7258_ap/libs/libbluetooth_host_ble_ap.a
134,0,134,134,0,0,0,134,`86,ble_aes_c1.c.obj (ex C:/Users/hs150/SynologyDrive/Robotics/AdvX2026/TuyaOpen/platform/T5AI/t5_os/ap/components/bk_libs/bk7258_ap/libs/libbluetooth_host_ble_ap.a),C:/Users/hs150/SynologyDrive/Robotics/AdvX2026/TuyaOpen/platform/T5AI/t5_os/ap/components/bk_libs/bk7258_ap/libs/libbluetooth_host_ble_ap.a
484,0,484,452,32,0,0,484,`1e4,ble_aes_cmac.c.obj (ex C:/Users/hs150/SynologyDrive/Robotics/AdvX2026/TuyaOpen/platform/T5AI/t5_os/ap/components/bk_libs/bk7258_ap/libs/libbluetooth_host_ble_ap.a),C:/Users/hs150/SynologyDrive/Robotics/AdvX2026/TuyaOpen/platform/T5AI/t5_os/ap/components/bk_libs/bk7258_ap/libs/libbluetooth_host_ble_ap.a
96,0,96,96,0,0,0,96,`60,ble_aes_f4.c.obj (ex C:/Users/hs150/SynologyDrive/Robotics/AdvX2026/TuyaOpen/platform/T5AI/t5_os/ap/components/bk_libs/bk7258_ap/libs/libbluetooth_host_ble_ap.a),C:/Users/hs150/SynologyDrive/Robotics/AdvX2026/TuyaOpen/platform/T5AI/t5_os/ap/components/bk_libs/bk7258_ap/libs/libbluetooth_host_ble_ap.a
355,0,355,334,21,0,0,355,`163,ble_aes_f5.c.obj (ex C:/Users/hs150/SynologyDrive/Robotics/AdvX2026/TuyaOpen/platform/T5AI/t5_os/ap/components/bk_libs/bk7258_ap/libs/libbluetooth_host_ble_ap.a),C:/Users/hs150/SynologyDrive/Robotics/AdvX2026/TuyaOpen/platform/T5AI/t5_os/ap/components/bk_libs/bk7258_ap/libs/libbluetooth_host_ble_ap.a
168,0,168,168,0,0,0,168,`a8,ble_aes_f6.c.obj (ex C:/Users/hs150/SynologyDrive/Robotics/AdvX2026/TuyaOpen/platform/T5AI/t5_os/ap/components/bk_libs/bk7258_ap/libs/libbluetooth_host_ble_ap.a),C:/Users/hs150/SynologyDrive/Robotics/AdvX2026/TuyaOpen/platform/T5AI/t5_os/ap/components/bk_libs/bk7258_ap/libs/libbluetooth_host_ble_ap.a
112,0,112,112,0,0,0,112,`70,ble_aes_g2.c.obj (ex C:/Users/hs150/SynologyDrive/Robotics/AdvX2026/TuyaOpen/platform/T5AI/t5_os/ap/components/bk_libs/bk7258_ap/libs/libbluetooth_host_ble_ap.a),C:/Users/hs150/SynologyDrive/Robotics/AdvX2026/TuyaOpen/platform/T5AI/t5_os/ap/components/bk_libs/bk7258_ap/libs/libbluetooth_host_ble_ap.a
248,0,248,248,0,0,0,248,`f8,ble_aes_rpa.c.obj (ex C:/Users/hs150/SynologyDrive/Robotics/AdvX2026/TuyaOpen/platform/T5AI/t5_os/ap/components/bk_libs/bk7258_ap/libs/libbluetooth_host_ble_ap.a),C:/Users/hs150/SynologyDrive/Robotics/AdvX2026/TuyaOpen/platform/T5AI/t5_os/ap/components/bk_libs/bk7258_ap/libs/libbluetooth_host_ble_ap.a
2336,0,2336,760,1576,0,0,2336,`920,hci_msg.c.obj (ex C:/Users/hs150/SynologyDrive/Robotics/AdvX2026/TuyaOpen/platform/T5AI/t5_os/ap/components/bk_libs/bk7258_ap/libs/libbluetooth_host_ble_ap.a),C:/Users/hs150/SynologyDrive/Robotics/AdvX2026/TuyaOpen/platform/T5AI/t5_os/ap/components/bk_libs/bk7258_ap/libs/libbluetooth_host_ble_ap.a
356,0,356,212,144,0,0,356,`164,app_comm.c.obj (ex C:/Users/hs150/SynologyDrive/Robotics/AdvX2026/TuyaOpen/platform/T5AI/t5_os/ap/components/bk_libs/bk7258_ap/libs/libbluetooth_host_ble_ap.a),C:/Users/hs150/SynologyDrive/Robotics/AdvX2026/TuyaOpen/platform/T5AI/t5_os/ap/components/bk_libs/bk7258_ap/libs/libbluetooth_host_ble_ap.a
2026,0,2026,1788,238,0,0,2026,`7ea,app_sec.c.obj (ex C:/Users/hs150/SynologyDrive/Robotics/AdvX2026/TuyaOpen/platform/T5AI/t5_os/ap/components/bk_libs/bk7258_ap/libs/libbluetooth_host_ble_ap.a),C:/Users/hs150/SynologyDrive/Robotics/AdvX2026/TuyaOpen/platform/T5AI/t5_os/ap/components/bk_libs/bk7258_ap/libs/libbluetooth_host_ble_ap.a
244,0,244,244,0,0,0,244,`f4,prf_utils.c.obj (ex C:/Users/hs150/SynologyDrive/Robotics/AdvX2026/TuyaOpen/platform/T5AI/t5_os/ap/components/bk_libs/bk7258_ap/libs/libbluetooth_host_ble_ap.a),C:/Users/hs150/SynologyDrive/Robotics/AdvX2026/TuyaOpen/platform/T5AI/t5_os/ap/components/bk_libs/bk7258_ap/libs/libbluetooth_host_ble_ap.a
1910,0,1910,1686,224,0,0,1910,`776,gapc_hci.c.obj (ex C:/Users/hs150/SynologyDrive/Robotics/AdvX2026/TuyaOpen/platform/T5AI/t5_os/ap/components/bk_libs/bk7258_ap/libs/libbluetooth_host_ble_ap.a),C:/Users/hs150/SynologyDrive/Robotics/AdvX2026/TuyaOpen/platform/T5AI/t5_os/ap/components/bk_libs/bk7258_ap/libs/libbluetooth_host_ble_ap.a
325,0,325,322,3,0,0,325,`145,gapc_sig.c.obj (ex C:/Users/hs150/SynologyDrive/Robotics/AdvX2026/TuyaOpen/platform/T5AI/t5_os/ap/components/bk_libs/bk7258_ap/libs/libbluetooth_host_ble_ap.a),C:/Users/hs150/SynologyDrive/Robotics/AdvX2026/TuyaOpen/platform/T5AI/t5_os/ap/components/bk_libs/bk7258_ap/libs/libbluetooth_host_ble_ap.a
1467,0,1467,1348,119,0,0,1467,`5bb,l2cc_sig.c.obj (ex C:/Users/hs150/SynologyDrive/Robotics/AdvX2026/TuyaOpen/platform/T5AI/t5_os/ap/components/bk_libs/bk7258_ap/libs/libbluetooth_host_ble_ap.a),C:/Users/hs150/SynologyDrive/Robotics/AdvX2026/TuyaOpen/platform/T5AI/t5_os/ap/components/bk_libs/bk7258_ap/libs/libbluetooth_host_ble_ap.a
3891,0,3891,3644,247,0,0,3891,`f33,gapm_cfg.c.obj (ex C:/Users/hs150/SynologyDrive/Robotics/AdvX2026/TuyaOpen/platform/T5AI/t5_os/ap/components/bk_libs/bk7258_ap/libs/libbluetooth_host_ble_ap.a),C:/Users/hs150/SynologyDrive/Robotics/AdvX2026/TuyaOpen/platform/T5AI/t5_os/ap/components/bk_libs/bk7258_ap/libs/libbluetooth_host_ble_ap.a
1065,0,1065,1006,59,0,0,1065,`429,gapm_list.c.obj (ex C:/Users/hs150/SynologyDrive/Robotics/AdvX2026/TuyaOpen/platform/T5AI/t5_os/ap/components/bk_libs/bk7258_ap/libs/libbluetooth_host_ble_ap.a),C:/Users/hs150/SynologyDrive/Robotics/AdvX2026/TuyaOpen/platform/T5AI/t5_os/ap/components/bk_libs/bk7258_ap/libs/libbluetooth_host_ble_ap.a
3016,0,3016,2854,162,0,0,3016,`bc8,attc.c.obj (ex C:/Users/hs150/SynologyDrive/Robotics/AdvX2026/TuyaOpen/platform/T5AI/t5_os/ap/components/bk_libs/bk7258_ap/libs/libbluetooth_host_ble_ap.a),C:/Users/hs150/SynologyDrive/Robotics/AdvX2026/TuyaOpen/platform/T5AI/t5_os/ap/components/bk_libs/bk7258_ap/libs/libbluetooth_host_ble_ap.a
5200,0,5200,4958,242,0,0,5200,`1450,atts.c.obj (ex C:/Users/hs150/SynologyDrive/Robotics/AdvX2026/TuyaOpen/platform/T5AI/t5_os/ap/components/bk_libs/bk7258_ap/libs/libbluetooth_host_ble_ap.a),C:/Users/hs150/SynologyDrive/Robotics/AdvX2026/TuyaOpen/platform/T5AI/t5_os/ap/components/bk_libs/bk7258_ap/libs/libbluetooth_host_ble_ap.a
1141,0,1141,1112,29,0,0,1141,`475,gattc_rc.c.obj (ex C:/Users/hs150/SynologyDrive/Robotics/AdvX2026/TuyaOpen/platform/T5AI/t5_os/ap/components/bk_libs/bk7258_ap/libs/libbluetooth_host_ble_ap.a),C:/Users/hs150/SynologyDrive/Robotics/AdvX2026/TuyaOpen/platform/T5AI/t5_os/ap/components/bk_libs/bk7258_ap/libs/libbluetooth_host_ble_ap.a
1379,0,1379,1368,11,0,0,1379,`563,gattc_sdp.c.obj (ex C:/Users/hs150/SynologyDrive/Robotics/AdvX2026/TuyaOpen/platform/T5AI/t5_os/ap/components/bk_libs/bk7258_ap/libs/libbluetooth_host_ble_ap.a),C:/Users/hs150/SynologyDrive/Robotics/AdvX2026/TuyaOpen/platform/T5AI/t5_os/ap/components/bk_libs/bk7258_ap/libs/libbluetooth_host_ble_ap.a
1535,32,1535,1430,105,0,32,1567,`61f,l2cc.c.obj (ex C:/Users/hs150/SynologyDrive/Robotics/AdvX2026/TuyaOpen/platform/T5AI/t5_os/ap/components/bk_libs/bk7258_ap/libs/libbluetooth_host_ble_ap.a),C:/Users/hs150/SynologyDrive/Robotics/AdvX2026/TuyaOpen/platform/T5AI/t5_os/ap/components/bk_libs/bk7258_ap/libs/libbluetooth_host_ble_ap.a
626,0,626,626,0,0,0,626,`272,l2cc_lecb.c.obj (ex C:/Users/hs150/SynologyDrive/Robotics/AdvX2026/TuyaOpen/platform/T5AI/t5_os/ap/components/bk_libs/bk7258_ap/libs/libbluetooth_host_ble_ap.a),C:/Users/hs150/SynologyDrive/Robotics/AdvX2026/TuyaOpen/platform/T5AI/t5_os/ap/components/bk_libs/bk7258_ap/libs/libbluetooth_host_ble_ap.a
2711,0,2711,2364,347,0,0,2711,`a97,l2cc_pdu.c.obj (ex C:/Users/hs150/SynologyDrive/Robotics/AdvX2026/TuyaOpen/platform/T5AI/t5_os/ap/components/bk_libs/bk7258_ap/libs/libbluetooth_host_ble_ap.a),C:/Users/hs150/SynologyDrive/Robotics/AdvX2026/TuyaOpen/platform/T5AI/t5_os/ap/components/bk_libs/bk7258_ap/libs/libbluetooth_host_ble_ap.a
58,0,58,58,0,0,0,58,`3a,kernel_queue.c.obj (ex C:/Users/hs150/SynologyDrive/Robotics/AdvX2026/TuyaOpen/platform/T5AI/t5_os/ap/components/bk_libs/bk7258_ap/libs/libbluetooth_host_ble_ap.a),C:/Users/hs150/SynologyDrive/Robotics/AdvX2026/TuyaOpen/platform/T5AI/t5_os/ap/components/bk_libs/bk7258_ap/libs/libbluetooth_host_ble_ap.a
104834,18723,104824,91400,13424,10,18713,123547,`1e29b,C:/Users/hs150/SynologyDrive/Robotics/AdvX2026/TuyaOpen/platform/T5AI/t5_os/ap/components/bk_libs/bk7258_ap/libs/libbluetooth_host_ble_ap.a,C:/Users/hs150/SynologyDrive/Robotics/AdvX2026/TuyaOpen/platform/T5AI/t5_os/ap/components/bk_libs/bk7258_ap/libs/libbluetooth_host_ble_ap.a
20,4,20,20,0,0,4,24,`18,audio_osi.c.obj (ex C:/Users/hs150/SynologyDrive/Robotics/AdvX2026/TuyaOpen/platform/T5AI/t5_os/ap/components/bk_libs/bk7258_ap/libs/libaudio_osi.a),C:/Users/hs150/SynologyDrive/Robotics/AdvX2026/TuyaOpen/platform/T5AI/t5_os/ap/components/bk_libs/bk7258_ap/libs/libaudio_osi.a
20,4,20,20,0,0,4,24,`18,C:/Users/hs150/SynologyDrive/Robotics/AdvX2026/TuyaOpen/platform/T5AI/t5_os/ap/components/bk_libs/bk7258_ap/libs/libaudio_osi.a,C:/Users/hs150/SynologyDrive/Robotics/AdvX2026/TuyaOpen/platform/T5AI/t5_os/ap/components/bk_libs/bk7258_ap/libs/libaudio_osi.a
32,4,32,32,0,0,4,36,`24,video_osi.c.obj (ex C:/Users/hs150/SynologyDrive/Robotics/AdvX2026/TuyaOpen/platform/T5AI/t5_os/ap/components/bk_libs/bk7258_ap/libs/libvideo_osi.a),C:/Users/hs150/SynologyDrive/Robotics/AdvX2026/TuyaOpen/platform/T5AI/t5_os/ap/components/bk_libs/bk7258_ap/libs/libvideo_osi.a
32,4,32,32,0,0,4,36,`24,C:/Users/hs150/SynologyDrive/Robotics/AdvX2026/TuyaOpen/platform/T5AI/t5_os/ap/components/bk_libs/bk7258_ap/libs/libvideo_osi.a,C:/Users/hs150/SynologyDrive/Robotics/AdvX2026/TuyaOpen/platform/T5AI/t5_os/ap/components/bk_libs/bk7258_ap/libs/libvideo_osi.a
5922,0,5922,4402,1520,0,0,5922,`1722,audio_element.c.obj (ex armino/audio_pipeline/libaudio_pipeline.a),armino/audio_pipeline/libaudio_pipeline.a
1294,0,1294,1030,264,0,0,1294,`50e,audio_event_iface.c.obj (ex armino/audio_pipeline/libaudio_pipeline.a),armino/audio_pipeline/libaudio_pipeline.a
2015,4,2015,1624,391,0,4,2019,`7e3,audio_pipeline.c.obj (ex armino/audio_pipeline/libaudio_pipeline.a),armino/audio_pipeline/libaudio_pipeline.a
1044,0,1044,934,110,0,0,1044,`414,ringbuf.c.obj (ex armino/audio_pipeline/libaudio_pipeline.a),armino/audio_pipeline/libaudio_pipeline.a
1449,0,1449,1326,123,0,0,1449,`5a9,framebuf.c.obj (ex armino/audio_pipeline/libaudio_pipeline.a),armino/audio_pipeline/libaudio_pipeline.a
355,0,355,236,119,0,0,355,`163,audio_mem.c.obj (ex armino/audio_pipeline/libaudio_pipeline.a),armino/audio_pipeline/libaudio_pipeline.a
4,0,4,4,0,0,0,4,`4,audio_thread.c.obj (ex armino/audio_pipeline/libaudio_pipeline.a),armino/audio_pipeline/libaudio_pipeline.a
1228,0,1228,936,292,0,0,1228,`4cc,audio_port.c.obj (ex armino/audio_pipeline/libaudio_pipeline.a),armino/audio_pipeline/libaudio_pipeline.a
447,0,447,342,105,0,0,447,`1bf,cb_port.c.obj (ex armino/audio_pipeline/libaudio_pipeline.a),armino/audio_pipeline/libaudio_pipeline.a
564,0,564,460,104,0,0,564,`234,rb_port.c.obj (ex armino/audio_pipeline/libaudio_pipeline.a),armino/audio_pipeline/libaudio_pipeline.a
858,0,858,632,226,0,0,858,`35a,fb_port.c.obj (ex armino/audio_pipeline/libaudio_pipeline.a),armino/audio_pipeline/libaudio_pipeline.a
15180,4,15180,11926,3254,0,4,15184,`3b50,armino/audio_pipeline/libaudio_pipeline.a,armino/audio_pipeline/libaudio_pipeline.a
576,0,576,418,158,0,0,576,`240,g711_decoder.c.obj (ex armino/g711_decoder/libg711_decoder.a),armino/g711_decoder/libg711_decoder.a
576,0,576,418,158,0,0,576,`240,armino/g711_decoder/libg711_decoder.a,armino/g711_decoder/libg711_decoder.a
568,0,568,410,158,0,0,568,`238,g711_encoder.c.obj (ex armino/g711_encoder/libg711_encoder.a),armino/g711_encoder/libg711_encoder.a
568,0,568,410,158,0,0,568,`238,armino/g711_encoder/libg711_encoder.a,armino/g711_encoder/libg711_encoder.a
385,0,385,266,119,0,0,385,`181,raw_stream.c.obj (ex armino/raw_stream/libraw_stream.a),armino/raw_stream/libraw_stream.a
385,0,385,266,119,0,0,385,`181,armino/raw_stream/libraw_stream.a,armino/raw_stream/libraw_stream.a
5136,0,5136,3136,2000,0,0,5136,`1410,uac_mic_stream.c.obj (ex armino/uac_mic_stream/libuac_mic_stream.a),armino/uac_mic_stream/libuac_mic_stream.a
5136,0,5136,3136,2000,0,0,5136,`1410,armino/uac_mic_stream/libuac_mic_stream.a,armino/uac_mic_stream/libuac_mic_stream.a
5635,0,5635,3532,2103,0,0,5635,`1603,uac_speaker_stream.c.obj (ex armino/uac_speaker_stream/libuac_speaker_stream.a),armino/uac_speaker_stream/libuac_speaker_stream.a
5635,0,5635,3532,2103,0,0,5635,`1603,armino/uac_speaker_stream/libuac_speaker_stream.a,armino/uac_speaker_stream/libuac_speaker_stream.a
4853,0,4853,4044,809,0,0,4853,`12f5,jdev.c.obj (ex C:/Users/hs150/SynologyDrive/Robotics/AdvX2026/TuyaOpen/platform/T5AI/t5_os/ap/components/bk_libs/bk7258_ap/libs/libtjpg_sram.a),C:/Users/hs150/SynologyDrive/Robotics/AdvX2026/TuyaOpen/platform/T5AI/t5_os/ap/components/bk_libs/bk7258_ap/libs/libtjpg_sram.a
13520,0,13520,13328,192,0,0,13520,`34d0,tjpgd.c.obj (ex C:/Users/hs150/SynologyDrive/Robotics/AdvX2026/TuyaOpen/platform/T5AI/t5_os/ap/components/bk_libs/bk7258_ap/libs/libtjpg_sram.a),C:/Users/hs150/SynologyDrive/Robotics/AdvX2026/TuyaOpen/platform/T5AI/t5_os/ap/components/bk_libs/bk7258_ap/libs/libtjpg_sram.a
18373,0,18373,17372,1001,0,0,18373,`47c5,C:/Users/hs150/SynologyDrive/Robotics/AdvX2026/TuyaOpen/platform/T5AI/t5_os/ap/components/bk_libs/bk7258_ap/libs/libtjpg_sram.a,C:/Users/hs150/SynologyDrive/Robotics/AdvX2026/TuyaOpen/platform/T5AI/t5_os/ap/components/bk_libs/bk7258_ap/libs/libtjpg_sram.a
1000,0,1000,1000,0,0,0,1000,`3e8,image_scale.c.obj (ex C:/Users/hs150/SynologyDrive/Robotics/AdvX2026/TuyaOpen/platform/T5AI/t5_os/ap/components/bk_libs/bk7258_ap/libs/libscale_sram.a),C:/Users/hs150/SynologyDrive/Robotics/AdvX2026/TuyaOpen/platform/T5AI/t5_os/ap/components/bk_libs/bk7258_ap/libs/libscale_sram.a
1000,0,1000,1000,0,0,0,1000,`3e8,C:/Users/hs150/SynologyDrive/Robotics/AdvX2026/TuyaOpen/platform/T5AI/t5_os/ap/components/bk_libs/bk7258_ap/libs/libscale_sram.a,C:/Users/hs150/SynologyDrive/Robotics/AdvX2026/TuyaOpen/platform/T5AI/t5_os/ap/components/bk_libs/bk7258_ap/libs/libscale_sram.a
244,32,212,212,0,32,0,244,`f4,g711.c.obj (ex C:/Users/hs150/SynologyDrive/Robotics/AdvX2026/TuyaOpen/platform/T5AI/t5_os/ap/components/bk_libs/bk7258_ap/libs/libg711.a),C:/Users/hs150/SynologyDrive/Robotics/AdvX2026/TuyaOpen/platform/T5AI/t5_os/ap/components/bk_libs/bk7258_ap/libs/libg711.a
244,32,212,212,0,32,0,244,`f4,C:/Users/hs150/SynologyDrive/Robotics/AdvX2026/TuyaOpen/platform/T5AI/t5_os/ap/components/bk_libs/bk7258_ap/libs/libg711.a,C:/Users/hs150/SynologyDrive/Robotics/AdvX2026/TuyaOpen/platform/T5AI/t5_os/ap/components/bk_libs/bk7258_ap/libs/libg711.a
